id,title,filtered_words_str,label
R129,New Report on Election,player old nice office scene. fear memory past stand region area home. experts discuss ongoing developments election.,REAL
R227,New Report on Climate Change,like daughter really mouth short yet run. professor since grow. experts discuss ongoing developments climate change.,REAL
F231,Aliens Confirmed by Sources,focus charge arrive official. choose report help culture enter. — shocking claims aliens surface internet.,FAKE
R066,New Report on Policy,clearly professional. experts discuss ongoing developments policy.,REAL
F095,Mind Control Confirmed by Sources,edge sing leader back since. film big town especially letter stock. — shocking claims mind control surface internet.,FAKE
R174,New Report on Policy,also serve onto similar course agreement. fear drug wide expect significant ok. skill conference true every water. rock return push talk of. experts discuss ongoing developments policy.,REAL
R201,New Report on Public Health,official enter pm take feel summer clear. food foot inside provide reason others wonder the. remain nation enjoy form. experts discuss ongoing developments public health.,REAL
R072,New Report on Education,level worker glass return my. role effort southern performance wall. experts discuss ongoing developments education.,REAL
R064,New Report on Research,current investment. experts discuss ongoing developments research.,REAL
F037,Miracle Drug Confirmed by Sources,represent ahead seat consider son grow. current whether produce time form. bar administration response fish gun. — shocking claims miracle drug surface internet.,FAKE
R170,New Report on Technology Breakthrough,space factor. operation doctor adult star. program finally clearly citizen talk indeed quickly. experts discuss ongoing developments technology breakthrough.,REAL
F110,Celebrity Scandal Confirmed by Sources,republican southern admit appear. free evidence rise contain especially seek. — shocking claims celebrity scandal surface internet.,FAKE
F048,Secret Cure Confirmed by Sources,since affect able something near occur. stock bank security management hospital tree. — shocking claims secret cure surface internet.,FAKE
F082,Hoax Confirmed by Sources,unit shake edge story item. teach social involve simple base. family line mind. — shocking claims hoax surface internet.,FAKE
F187,Miracle Drug Confirmed by Sources,go traditional buy feeling. movement collection system need option require. hand politics wonder sing them. — shocking claims miracle drug surface internet.,FAKE
F027,Miracle Drug Confirmed by Sources,behavior theory much prove painting popular increase. television perform. color method newspaper sort generation. — shocking claims miracle drug surface internet.,FAKE
F202,Hoax Confirmed by Sources,follow buy stuff. candidate study result fish president. put compare. — shocking claims hoax surface internet.,FAKE
F197,Secret Cure Confirmed by Sources,decade authority stock road successful. — shocking claims secret cure surface internet.,FAKE
R128,New Report on Climate Change,threat word close early past imagine. throw pay girl join grow happen. experts discuss ongoing developments climate change.,REAL
F157,Government Cover-Up Confirmed by Sources,shoulder major company black. trip store social own. force describe ok. — shocking claims government cover-up surface internet.,FAKE
F117,Hoax Confirmed by Sources,finally billion low idea attack. west resource organization. — shocking claims hoax surface internet.,FAKE
F173,Secret Cure Confirmed by Sources,record national happy family firm rich develop. agency professional answer parent mission difference. — shocking claims secret cure surface internet.,FAKE
F024,Aliens Confirmed by Sources,somebody pass political wonder. — shocking claims aliens surface internet.,FAKE
F096,Celebrity Scandal Confirmed by Sources,question material like store. wall dark argue spring up. — shocking claims celebrity scandal surface internet.,FAKE
R247,New Report on Public Health,fire determine build firm receive. design tell blood learn go front write. bad cut travel leg far remain. experts discuss ongoing developments public health.,REAL
F226,Government Cover-Up Confirmed by Sources,rate place art carry floor. challenge class so. — shocking claims government cover-up surface internet.,FAKE
F100,Flat Earth Confirmed by Sources,find mean west relationship. century century. — shocking claims flat earth surface internet.,FAKE
F246,Government Cover-Up Confirmed by Sources,guess order film until. low run million pay pass. ready career according appear avoid. — shocking claims government cover-up surface internet.,FAKE
F183,Aliens Confirmed by Sources,authority report cost short who. box improve letter use run water. — shocking claims aliens surface internet.,FAKE
R063,New Report on Policy,opportunity hour research cup impact despite happen live. today among nature management. experts discuss ongoing developments policy.,REAL
R005,New Report on Election,involve assume best knowledge like man. experts discuss ongoing developments election.,REAL
R084,New Report on Election,science hot break range. way term actually course life player mind. suddenly along bed need. system almost think meet toward write everything often. experts discuss ongoing developments election.,REAL
R124,New Report on Education,culture entire strong skill attorney see. difference water television car black. experts discuss ongoing developments education.,REAL
R118,New Report on Research,newspaper space mind house something use. experts discuss ongoing developments research.,REAL
F001,Aliens Confirmed by Sources,put box decision white field. north similar late recently western. — shocking claims aliens surface internet.,FAKE
F007,Immortal Jellyfish Confirmed by Sources,least although line start wonder clearly. sort doctor difficult inside business camera southern sure. — shocking claims immortal jellyfish surface internet.,FAKE
F046,Mind Control Confirmed by Sources,study place skin. — shocking claims mind control surface internet.,FAKE
R103,New Report on Research,behind might concern. reality church main half. experts discuss ongoing developments research.,REAL
R037,New Report on Budget Report,rule international seek. experts discuss ongoing developments budget report.,REAL
F193,Secret Cure Confirmed by Sources,effect eye daughter significant center perhaps particular only. store number usually teacher among. — shocking claims secret cure surface internet.,FAKE
R166,New Report on Election,goal however fight able difficult nation. church debate others mind. experts discuss ongoing developments election.,REAL
F017,Immortal Jellyfish Confirmed by Sources,near kind million to. type ball deep happy enter skill down. ago despite threat. — shocking claims immortal jellyfish surface internet.,FAKE
R008,New Report on Economic Growth,meeting box fine customer. man reality focus national front. experts discuss ongoing developments economic growth.,REAL
F071,Celebrity Scandal Confirmed by Sources,long rate girl start something. deal world official push generation south position. charge major avoid draw situation vote upon choice. — shocking claims celebrity scandal surface internet.,FAKE
F028,Mind Control Confirmed by Sources,truth still hot agree bring value. interest easy several president world food huge. fact charge data. ground everyone from. — shocking claims mind control surface internet.,FAKE
F227,Immortal Jellyfish Confirmed by Sources,break large trip already. expect help lose worry support. trouble deal seem either clear across near structure. — shocking claims immortal jellyfish surface internet.,FAKE
R200,New Report on Public Health,real education old film president pass. sit sister force seek. bad small sister hospital. experts discuss ongoing developments public health.,REAL
R225,New Report on Climate Change,various require pass girl such. long prevent great end whole station. country western relate fly open worry building. experts discuss ongoing developments climate change.,REAL
R062,New Report on Budget Report,paper goal bring next brother. find term next do. experts discuss ongoing developments budget report.,REAL
F033,Hoax Confirmed by Sources,arrive article two push. room body traditional wind federal house always. — shocking claims hoax surface internet.,FAKE
F012,Hoax Confirmed by Sources,truth approach dream. respond growth pm wait happen happen. drop present mission make. — shocking claims hoax surface internet.,FAKE
R121,New Report on Research,kitchen real vote data woman agreement. anyone interest mind sit. political technology. experts discuss ongoing developments research.,REAL
F210,Aliens Confirmed by Sources,bit sense three else support health. relate focus land make listen. — shocking claims aliens surface internet.,FAKE
F151,Hoax Confirmed by Sources,walk process raise happy. mean hold left think. share appear later though hour investment sea. — shocking claims hoax surface internet.,FAKE
F099,Secret Cure Confirmed by Sources,thus least reach report successful. — shocking claims secret cure surface internet.,FAKE
R090,New Report on Technology Breakthrough,process ask game nearly together. way allow dinner star. experts discuss ongoing developments technology breakthrough.,REAL
R125,New Report on Budget Report,vote future easy feel hundred. sea computer see institution score teacher detail. experts discuss ongoing developments budget report.,REAL
R091,New Report on Climate Change,play quite property among care lot professor. exactly member task low. experts discuss ongoing developments climate change.,REAL
R157,New Report on Climate Change,opportunity join care artist war. certain lose human decade truth effect. song feel mission civil. experts discuss ongoing developments climate change.,REAL
F098,Miracle Drug Confirmed by Sources,employee police less thus. key small issue base. — shocking claims miracle drug surface internet.,FAKE
F164,Immortal Jellyfish Confirmed by Sources,glass analysis trade camera note. remain want success choose. soon behavior traditional agent. — shocking claims immortal jellyfish surface internet.,FAKE
R050,New Report on Economic Growth,decade street rather knowledge value. experts discuss ongoing developments economic growth.,REAL
R249,New Report on Climate Change,generation cost hit yes wrong position. west call record indicate. experts discuss ongoing developments climate change.,REAL
R093,New Report on Election,way science number sport score benefit. friend right. experts discuss ongoing developments election.,REAL
R131,New Report on Education,value fall return. write worker site. bad product chance yeah public player quickly. experts discuss ongoing developments education.,REAL
F107,Flat Earth Confirmed by Sources,know charge key senior help never. bed school firm daughter late tough color. — shocking claims flat earth surface internet.,FAKE
F153,Hoax Confirmed by Sources,soon natural religious final mention. car west. sit might father game election my. — shocking claims hoax surface internet.,FAKE
F091,Flat Earth Confirmed by Sources,environmental recent card federal story site. number answer style responsibility. — shocking claims flat earth surface internet.,FAKE
R246,New Report on Economic Growth,suggest eight hot determine if. strong suffer collection study agreement movement mission of. white recognize fall past data. experts discuss ongoing developments economic growth.,REAL
F004,Secret Cure Confirmed by Sources,technology home resource oil present even medical. seven work sometimes long along. section travel language. — shocking claims secret cure surface internet.,FAKE
F220,Celebrity Scandal Confirmed by Sources,state movement name raise less back behavior. top government yeah authority. — shocking claims celebrity scandal surface internet.,FAKE
F121,Hoax Confirmed by Sources,sing authority democrat tonight write. specific see hit school new. — shocking claims hoax surface internet.,FAKE
F245,Mind Control Confirmed by Sources,explain detail hot other. upon parent mission major man she. reality newspaper last pass training smile. — shocking claims mind control surface internet.,FAKE
R035,New Report on Climate Change,test relationship wonder possible use tend. parent population end morning. oil sort decade kitchen. experts discuss ongoing developments climate change.,REAL
R024,New Report on Education,six record man prepare how. experts discuss ongoing developments education.,REAL
F079,Miracle Drug Confirmed by Sources,box since open resource. — shocking claims miracle drug surface internet.,FAKE
R094,New Report on Policy,artist plant. people door imagine teach difficult. experts discuss ongoing developments policy.,REAL
R040,New Report on Policy,sure break address degree statement. population similar factor white. management man coach realize place study. experts discuss ongoing developments policy.,REAL
F170,Immortal Jellyfish Confirmed by Sources,give rich group week. act remember growth social plant reality. — shocking claims immortal jellyfish surface internet.,FAKE
F130,Immortal Jellyfish Confirmed by Sources,recognize social return. economic cause computer anyone. hand television star. — shocking claims immortal jellyfish surface internet.,FAKE
R085,New Report on Economic Growth,speech son create. energy eight simple high watch through. experts discuss ongoing developments economic growth.,REAL
R054,New Report on Budget Report,care talk similar. section sure home position. since shoulder rule next loss alone. experts discuss ongoing developments budget report.,REAL
R047,New Report on Technology Breakthrough,notice simply plant key everyone history practice loss. experts discuss ongoing developments technology breakthrough.,REAL
R199,New Report on Economic Growth,teach movie huge today. drop trade onto seem. experts discuss ongoing developments economic growth.,REAL
F062,Miracle Drug Confirmed by Sources,attack west since. network none local nothing. — shocking claims miracle drug surface internet.,FAKE
R244,New Report on Technology Breakthrough,policy board owner degree option discussion. experts discuss ongoing developments technology breakthrough.,REAL
R107,New Report on Election,tree sort today. look training thing. experts discuss ongoing developments election.,REAL
F148,Aliens Confirmed by Sources,energy method list truth remember. — shocking claims aliens surface internet.,FAKE
F023,Mind Control Confirmed by Sources,gas nation try student. land leg imagine shoulder international. whole ball public real woman protect. — shocking claims mind control surface internet.,FAKE
R075,New Report on Budget Report,success arm another win human then. marriage season arm force worry others ready. experts discuss ongoing developments budget report.,REAL
R220,New Report on Public Health,less short bag pattern. experts discuss ongoing developments public health.,REAL
R099,New Report on Economic Growth,small technology across. statement thus eat figure focus first. experts discuss ongoing developments economic growth.,REAL
F066,Flat Earth Confirmed by Sources,buy prove special situation follow lose certainly. — shocking claims flat earth surface internet.,FAKE
F060,Flat Earth Confirmed by Sources,school reflect series wind notice some. tax southern shake industry when. among sister six tree network window threat difference. — shocking claims flat earth surface internet.,FAKE
F022,Government Cover-Up Confirmed by Sources,police hospital life force car. realize culture recently eight. record point situation land data work likely. — shocking claims government cover-up surface internet.,FAKE
F127,Mind Control Confirmed by Sources,fund oil example professor less rest tax. ready amount bed listen generation. girl military director sign determine under. deal table movement think cell if. — shocking claims mind control surface internet.,FAKE
R212,New Report on Education,east people specific. item argue decide degree range sense. left store. experts discuss ongoing developments education.,REAL
F119,Mind Control Confirmed by Sources,south happy official peace service stop training. rate black nothing surface. computer hope easy star toward. — shocking claims mind control surface internet.,FAKE
F103,Hoax Confirmed by Sources,water necessary. story major something reduce western. forget example agency debate policy. — shocking claims hoax surface internet.,FAKE
F191,Mind Control Confirmed by Sources,begin determine bed artist across. deep order oil side. — shocking claims mind control surface internet.,FAKE
F002,Mind Control Confirmed by Sources,support card option reason half. result article us part answer president good. voice short budget behind. — shocking claims mind control surface internet.,FAKE
R155,New Report on Election,cell especially draw interest fear. stay baby child mention show allow outside. interview full whatever bad. experts discuss ongoing developments election.,REAL
R006,New Report on Technology Breakthrough,mother really fall three bed. financial sister push sell section. experts discuss ongoing developments technology breakthrough.,REAL
F086,Government Cover-Up Confirmed by Sources,lot allow prepare. media room mrs buy at. — shocking claims government cover-up surface internet.,FAKE
R168,New Report on Election,enter dinner whole. age grow cold view concern technology deep. experts discuss ongoing developments election.,REAL
R077,New Report on Public Health,several since pull improve side. measure talk phone find paper good. experts discuss ongoing developments public health.,REAL
F209,Hoax Confirmed by Sources,green director director government far western. hair talk tough tend. ok first strong argue walk election usually. — shocking claims hoax surface internet.,FAKE
R236,New Report on Public Health,american remain light. provide religious vote tend. experts discuss ongoing developments public health.,REAL
F186,Aliens Confirmed by Sources,north try create series something tell material join. term leg may. — shocking claims aliens surface internet.,FAKE
R243,New Report on Public Health,hope machine. blood reality anything appear together new strategy. former good body accept. experts discuss ongoing developments public health.,REAL
F094,Immortal Jellyfish Confirmed by Sources,place also much whom. star follow hope hear. — shocking claims immortal jellyfish surface internet.,FAKE
R032,New Report on Economic Growth,attention mention trip bed appear approach pay. situation office whose spring save later. change practice ten. experts discuss ongoing developments economic growth.,REAL
R033,New Report on Education,foreign buy value cause ok situation box ahead. experts discuss ongoing developments education.,REAL
R045,New Report on Technology Breakthrough,number among product. record rise believe financial. sport win require education body business personal. experts discuss ongoing developments technology breakthrough.,REAL
R116,New Report on Education,however congress sell grow general. claim cold might language production forget hit. experts discuss ongoing developments education.,REAL
F056,Celebrity Scandal Confirmed by Sources,decision president speak give. business mind democrat interest debate. general behavior free college cup walk. — shocking claims celebrity scandal surface internet.,FAKE
R043,New Report on Policy,world deal whole yeah program product. recent close film student bill kind support. experts discuss ongoing developments policy.,REAL
R145,New Report on Economic Growth,significant dream choose son. care thousand popular bag clearly meeting people cut. provide protect late card we. experts discuss ongoing developments economic growth.,REAL
F200,Secret Cure Confirmed by Sources,receive company hundred agency detail project although. exist product early. far note draw beyond possible. — shocking claims secret cure surface internet.,FAKE
F034,Celebrity Scandal Confirmed by Sources,important something time better drop. reason note ok organization. — shocking claims celebrity scandal surface internet.,FAKE
F149,Secret Cure Confirmed by Sources,key church thought individual rate game. light investment mind method suddenly court probably. — shocking claims secret cure surface internet.,FAKE
F051,Secret Cure Confirmed by Sources,well start style mouth contain shoulder. character worry political. — shocking claims secret cure surface internet.,FAKE
F089,Flat Earth Confirmed by Sources,note line effort role land. — shocking claims flat earth surface internet.,FAKE
F135,Flat Earth Confirmed by Sources,trouble relationship entire game environment threat rich stage. government development others situation outside among. cover avoid author feel require. — shocking claims flat earth surface internet.,FAKE
F088,Government Cover-Up Confirmed by Sources,remain sister rather crime. start hundred able. — shocking claims government cover-up surface internet.,FAKE
R010,New Report on Election,mouth eight second. record owner child share consider cultural. experts discuss ongoing developments election.,REAL
R211,New Report on Policy,reach yeah baby card ask agent technology. government new trial specific. show suddenly probably outside get show. experts discuss ongoing developments policy.,REAL
F204,Miracle Drug Confirmed by Sources,structure size oil inside. want receive beautiful door. — shocking claims miracle drug surface internet.,FAKE
F168,Miracle Drug Confirmed by Sources,leg special significant like good point. — shocking claims miracle drug surface internet.,FAKE
R011,New Report on Public Health,development catch kind shoulder. two special entire probably. experts discuss ongoing developments public health.,REAL
R232,New Report on Climate Change,spend process according. experts discuss ongoing developments climate change.,REAL
R042,New Report on Public Health,state across indeed side third size listen reduce. hospital cell seem. experts discuss ongoing developments public health.,REAL
F182,Hoax Confirmed by Sources,enough leader customer rise. structure maintain exist. — shocking claims hoax surface internet.,FAKE
F036,Miracle Drug Confirmed by Sources,discuss win away. consider remain strategy. resource financial cost. power similar someone area style begin. — shocking claims miracle drug surface internet.,FAKE
F068,Secret Cure Confirmed by Sources,key article probably throughout current. kind record new cover seven. — shocking claims secret cure surface internet.,FAKE
R015,New Report on Election,enjoy board look style instead nearly. moment decision rate successful quality involve break soon. allow minute nation oil. experts discuss ongoing developments election.,REAL
R147,New Report on Climate Change,community computer senior. number north walk rest. try understand simply cup. experts discuss ongoing developments climate change.,REAL
F198,Government Cover-Up Confirmed by Sources,difficult forward follow international task smile. marriage foreign court true probably. — shocking claims government cover-up surface internet.,FAKE
R081,New Report on Climate Change,scene rule. message strategy later care day message. bit research significant case free admit also family. experts discuss ongoing developments climate change.,REAL
F050,Aliens Confirmed by Sources,soon thousand mr. — shocking claims aliens surface internet.,FAKE
F162,Celebrity Scandal Confirmed by Sources,else young call field. fight affect ten morning never. lawyer pay pick success. west try better. — shocking claims celebrity scandal surface internet.,FAKE
R028,New Report on Technology Breakthrough,team begin direction second leg. experts discuss ongoing developments technology breakthrough.,REAL
R195,New Report on Budget Report,according turn condition pretty full sort. message allow single decision issue. month become knowledge. experts discuss ongoing developments budget report.,REAL
F116,Aliens Confirmed by Sources,toward data case involve. — shocking claims aliens surface internet.,FAKE
R018,New Report on Research,step fight leader religious wall. woman bag make wear join dream. blood police whose. experts discuss ongoing developments research.,REAL
F073,Immortal Jellyfish Confirmed by Sources,administration role general. issue offer particular politics. simple employee floor. — shocking claims immortal jellyfish surface internet.,FAKE
F059,Miracle Drug Confirmed by Sources,per blood loss certain always. someone owner four compare leg reality international. — shocking claims miracle drug surface internet.,FAKE
R078,New Report on Budget Report,debate live near find. likely property american difficult ever side. adult serve work myself. experts discuss ongoing developments budget report.,REAL
F216,Secret Cure Confirmed by Sources,role score continue affect company. friend baby city matter cause. expert bit machine hospital chance arm religious. — shocking claims secret cure surface internet.,FAKE
F206,Celebrity Scandal Confirmed by Sources,help example tree receive part use. section fear scientist consumer level short tend. — shocking claims celebrity scandal surface internet.,FAKE
R036,New Report on Research,candidate finish send attack picture language. end thank sound edge day society. real parent perhaps game. station factor dream son go real. experts discuss ongoing developments research.,REAL
F104,Aliens Confirmed by Sources,clear away education small. west land true bag. consumer analysis magazine. — shocking claims aliens surface internet.,FAKE
F000,Hoax Confirmed by Sources,large behind body. — shocking claims hoax surface internet.,FAKE
R136,New Report on Education,part worker trial yard quite why. win dinner card owner. experts discuss ongoing developments education.,REAL
F019,Immortal Jellyfish Confirmed by Sources,chance glass understand available. arrive someone sport maintain without probably teach. miss chance tonight hit pay drug. — shocking claims immortal jellyfish surface internet.,FAKE
R012,New Report on Technology Breakthrough,minute body current remember. daughter agree race task try hand though and. mouth form modern perform campaign end issue who. experts discuss ongoing developments technology breakthrough.,REAL
R052,New Report on Education,law medical bad lead tax class allow. like level knowledge draw young imagine suggest. experts discuss ongoing developments education.,REAL
R123,New Report on Climate Change,son ahead learn company. region oil bad. owner wait chance scientist stage. baby change future. experts discuss ongoing developments climate change.,REAL
F040,Government Cover-Up Confirmed by Sources,consider structure go present care. area financial beautiful also. part state coach live system. — shocking claims government cover-up surface internet.,FAKE
R160,New Report on Climate Change,imagine wait adult several upon share center. stage enter small time. experts discuss ongoing developments climate change.,REAL
F067,Immortal Jellyfish Confirmed by Sources,financial worker issue myself. class read nearly strong. — shocking claims immortal jellyfish surface internet.,FAKE
R069,New Report on Research,southern fight world day minute page fill window. experts discuss ongoing developments research.,REAL
F160,Mind Control Confirmed by Sources,case current firm employee. radio scene peace table individual line. personal agent despite lot mother account probably. — shocking claims mind control surface internet.,FAKE
F053,Hoax Confirmed by Sources,goal cause measure word maintain small meet. environmental place indeed religious fall employee. imagine worker deep mention everything. — shocking claims hoax surface internet.,FAKE
R074,New Report on Education,safe society season. significant night sure matter should. meeting stop those. experts discuss ongoing developments education.,REAL
R007,New Report on Election,mention resource amount dream week. population way quality. road grow bit eat side decision. people receive year. experts discuss ongoing developments election.,REAL
R119,New Report on Climate Change,ten us democrat garden. size per risk federal trade later. blood hospital big. experts discuss ongoing developments climate change.,REAL
R087,New Report on Budget Report,like describe probably. boy imagine position. real career onto author book. experts discuss ongoing developments budget report.,REAL
F145,Miracle Drug Confirmed by Sources,decision possible side allow wait. never clear end never right. — shocking claims miracle drug surface internet.,FAKE
R065,New Report on Budget Report,treat clear prevent we. take sense what. investment suddenly enough nice politics own. experts discuss ongoing developments budget report.,REAL
R208,New Report on Budget Report,onto allow wear member. baby forward base week growth site. voice fall. experts discuss ongoing developments budget report.,REAL
R048,New Report on Budget Report,let trade explain everything. forward despite collection significant pm despite beyond. purpose middle pretty. economic security director audience industry site agree attack. experts discuss ongoing developments budget report.,REAL
F076,Aliens Confirmed by Sources,public stand lead card model. within one prove management international owner. — shocking claims aliens surface internet.,FAKE
R019,New Report on Policy,feeling sign camera question mind experience theory series. tell raise cut develop difference ability. rich pattern along miss. experts discuss ongoing developments policy.,REAL
F115,Immortal Jellyfish Confirmed by Sources,including indicate hope body heavy south. important method learn consider important know bill. thank state base debate. — shocking claims immortal jellyfish surface internet.,FAKE
R031,New Report on Education,foreign remain ready attorney build. character beautiful four away agreement firm bring each. seem turn event election use doctor themselves. today second opportunity past tough. experts discuss ongoing developments education.,REAL
R190,New Report on Research,rest price treat practice defense professional over. shake young commercial research hit popular. experts discuss ongoing developments research.,REAL
F057,Mind Control Confirmed by Sources,pattern north smile lose painting player seat well. — shocking claims mind control surface internet.,FAKE
F158,Immortal Jellyfish Confirmed by Sources,control training across major stop argue. piece sit score author soon thus feeling. — shocking claims immortal jellyfish surface internet.,FAKE
F234,Flat Earth Confirmed by Sources,cost probably strong poor bar stage. cost adult simple shake much. — shocking claims flat earth surface internet.,FAKE
F155,Flat Earth Confirmed by Sources,leg work recent middle goal. serious indicate become gas lay form. beyond officer record. — shocking claims flat earth surface internet.,FAKE
F106,Flat Earth Confirmed by Sources,specific year travel free training. lose heart. market group finally something lead party throughout. — shocking claims flat earth surface internet.,FAKE
R051,New Report on Policy,area allow investment argue. something special family challenge give. carry war must development. experts discuss ongoing developments policy.,REAL
R203,New Report on Education,subject prove trial. experts discuss ongoing developments education.,REAL
F063,Secret Cure Confirmed by Sources,indeed opportunity may partner pay rather. open teacher accept crime remain. — shocking claims secret cure surface internet.,FAKE
R080,New Report on Policy,key hard. way black cultural represent treat. experts discuss ongoing developments policy.,REAL
R226,New Report on Public Health,pick floor although. organization south case high share. building perhaps service six. experts discuss ongoing developments public health.,REAL
F144,Hoax Confirmed by Sources,often paper worry rule also one. girl science professor story institution arrive home. foot size prevent relationship. — shocking claims hoax surface internet.,FAKE
F241,Flat Earth Confirmed by Sources,majority popular school. eat play weight network bank defense. measure relate fall including project ago. — shocking claims flat earth surface internet.,FAKE
R150,New Report on Election,organization lose thing. occur process blood produce. experts discuss ongoing developments election.,REAL
R153,New Report on Research,wife still yet through. early finally cut kid. despite outside receive miss management. experts discuss ongoing developments research.,REAL
F175,Hoax Confirmed by Sources,spring rather candidate medical act admit. mention apply main three reality. — shocking claims hoax surface internet.,FAKE
F161,Immortal Jellyfish Confirmed by Sources,certain take author change mean. recognize race trade agent material toward walk. college consider together relationship. — shocking claims immortal jellyfish surface internet.,FAKE
F147,Secret Cure Confirmed by Sources,view campaign fund town. yet certainly recent better. — shocking claims secret cure surface internet.,FAKE
F018,Secret Cure Confirmed by Sources,southern blue agreement i. life watch people set involve everybody. — shocking claims secret cure surface internet.,FAKE
F211,Celebrity Scandal Confirmed by Sources,reduce visit receive wear conference yes. force bag tax seven along. agency test pattern thus. — shocking claims celebrity scandal surface internet.,FAKE
R117,New Report on Research,mr sometimes rock onto nearly special. moment report strategy free teacher clearly management. ago not. experts discuss ongoing developments research.,REAL
F016,Aliens Confirmed by Sources,type fast good. street book night actually. — shocking claims aliens surface internet.,FAKE
F029,Flat Earth Confirmed by Sources,ahead another administration note. friend three person social hospital. almost degree defense mouth. — shocking claims flat earth surface internet.,FAKE
F205,Celebrity Scandal Confirmed by Sources,institution deal skill. everyone happy hold shoulder. — shocking claims celebrity scandal surface internet.,FAKE
R112,New Report on Economic Growth,country field think course bad inside us. side day according indeed somebody notice. experts discuss ongoing developments economic growth.,REAL
F218,Government Cover-Up Confirmed by Sources,conference loss across less join health. concern fall red. perform wait ground avoid. — shocking claims government cover-up surface internet.,FAKE
R187,New Report on Education,dinner already cup. month eye southern entire bad. experts discuss ongoing developments education.,REAL
F087,Celebrity Scandal Confirmed by Sources,news act support marriage land. agent stuff rise exactly tv. world occur world much nothing various. — shocking claims celebrity scandal surface internet.,FAKE
R171,New Report on Education,term tv either enough body. whose radio red. brother similar inside talk cut citizen. experts discuss ongoing developments education.,REAL
R113,New Report on Technology Breakthrough,run group participant whether television. wind chair space question walk. experts discuss ongoing developments technology breakthrough.,REAL
R222,New Report on Public Health,analysis sign manage relationship. pretty give former garden official. experts discuss ongoing developments public health.,REAL
F233,Secret Cure Confirmed by Sources,rise measure window actually pull. — shocking claims secret cure surface internet.,FAKE
R223,New Report on Climate Change,yard sign particular. detail trial discussion election particularly sort enough. station exist work response. street paper technology job yet. experts discuss ongoing developments climate change.,REAL
F224,Secret Cure Confirmed by Sources,model fire million. technology want place view simply. — shocking claims secret cure surface internet.,FAKE
R181,New Report on Climate Change,gun worker involve north hour. light report attorney western order its. rise cut drive. experts discuss ongoing developments climate change.,REAL
R056,New Report on Public Health,rock across fund charge meet eat. prevent instead exist step none. experts discuss ongoing developments public health.,REAL
R110,New Report on Education,behavior light every create quickly. staff mr suffer especially young. experts discuss ongoing developments education.,REAL
R219,New Report on Education,main raise history. word argue forward. mrs success necessary husband might after. experts discuss ongoing developments education.,REAL
R224,New Report on Education,top us behind skin. huge fine put media seem professor whatever down. theory southern lose continue raise. thing opportunity author partner during. experts discuss ongoing developments education.,REAL
F178,Immortal Jellyfish Confirmed by Sources,wonder travel item natural value knowledge cost. shake already defense whether simply month just. — shocking claims immortal jellyfish surface internet.,FAKE
F074,Secret Cure Confirmed by Sources,seat live return return. hotel note often provide human suffer wind. capital federal everything culture. — shocking claims secret cure surface internet.,FAKE
R034,New Report on Budget Report,yeah talk eat wind plan. collection experience ten may. open degree deep onto your. experts discuss ongoing developments budget report.,REAL
R095,New Report on Policy,yet find fear attack series nearly. none better attack. front government strategy doctor. manager yeah health know night land. experts discuss ongoing developments policy.,REAL
F011,Aliens Confirmed by Sources,option go hard ok list number. — shocking claims aliens surface internet.,FAKE
R162,New Report on Policy,process heart fall activity always. deal decade become million prepare television interview politics. commercial probably seat heavy person. experts discuss ongoing developments policy.,REAL
R218,New Report on Election,keep husband interview. view black treat doctor live worry. scientist kid maybe allow. experts discuss ongoing developments election.,REAL
F136,Miracle Drug Confirmed by Sources,small new realize. trial policy least finally bill. — shocking claims miracle drug surface internet.,FAKE
R108,New Report on Economic Growth,value ground force minute. view majority father whether lose. star prove sign fact opportunity only. experts discuss ongoing developments economic growth.,REAL
R186,New Report on Research,game finish nation people. woman pick without rich single. health current parent think early later. experts discuss ongoing developments research.,REAL
R248,New Report on Technology Breakthrough,western debate mention occur product change. safe media since loss short prevent. experts discuss ongoing developments technology breakthrough.,REAL
F045,Immortal Jellyfish Confirmed by Sources,matter mean report claim. child never hot culture receive. really size check later guess. — shocking claims immortal jellyfish surface internet.,FAKE
F092,Secret Cure Confirmed by Sources,side somebody ask yes class day news. else power market environment less deep. group american rest final candidate poor. — shocking claims secret cure surface internet.,FAKE
R100,New Report on Technology Breakthrough,medical range control room might listen. voice today right fly citizen. experts discuss ongoing developments technology breakthrough.,REAL
F075,Miracle Drug Confirmed by Sources,visit drug upon election president from. work cold education identify night machine everyone pull. realize recently maybe owner. father purpose indeed. — shocking claims miracle drug surface internet.,FAKE
R059,New Report on Technology Breakthrough,candidate station matter sport. keep around prepare. experts discuss ongoing developments technology breakthrough.,REAL
F213,Hoax Confirmed by Sources,open sing measure event another. sign cause trial million. republican quite bad agency matter history run. recent attorney sport start. — shocking claims hoax surface internet.,FAKE
R233,New Report on Education,head growth financial. provide relationship police. region write away challenge personal position. rise image must trip present. experts discuss ongoing developments education.,REAL
F072,Mind Control Confirmed by Sources,within half. two western service center common. walk majority total study. — shocking claims mind control surface internet.,FAKE
R184,New Report on Budget Report,protect group affect. institution war box american life. experts discuss ongoing developments budget report.,REAL
F134,Secret Cure Confirmed by Sources,sort order risk throw. simply even bad common. economic figure political place forward garden mention. also program second throughout sing machine together. — shocking claims secret cure surface internet.,FAKE
R096,New Report on Research,arm face person remain notice as. sit mother ahead agree. experts discuss ongoing developments research.,REAL
R020,New Report on Policy,walk source state our. adult whatever heavy recent hundred government. day television one adult series officer. experts discuss ongoing developments policy.,REAL
R067,New Report on Policy,example race everyone run page. create less quality represent. season child analysis brother. experts discuss ongoing developments policy.,REAL
R215,New Report on Education,hear tree say learn her. describe remember cold knowledge room. year top finish. authority perhaps wind dog wide task perform director. experts discuss ongoing developments education.,REAL
R127,New Report on Policy,program cost break job scientist show. fall successful throughout one television west with. everything statement thing glass. experts discuss ongoing developments policy.,REAL
R235,New Report on Technology Breakthrough,agree hold method message argue theory probably. indeed option exactly. vote across draw experience adult. experts discuss ongoing developments technology breakthrough.,REAL
R163,New Report on Climate Change,traditional year both. experts discuss ongoing developments climate change.,REAL
R002,New Report on Education,involve language nearly move. relate thank experience office change push. white play man peace other. experts discuss ongoing developments education.,REAL
R021,New Report on Education,several participant type real. pressure apply step dinner modern my. brother card service nothing wrong enter. wall tax determine father food report. experts discuss ongoing developments education.,REAL
R013,New Report on Technology Breakthrough,beyond possible discussion everybody light. company treatment subject water close you. experts discuss ongoing developments technology breakthrough.,REAL
F195,Flat Earth Confirmed by Sources,identify quality test. ball first capital field skin different. — shocking claims flat earth surface internet.,FAKE
R101,New Report on Research,also defense support must set something conference blood. likely finish hour already word offer. age month police somebody letter in. experts discuss ongoing developments research.,REAL
R055,New Report on Research,young east rest even director third. move side glass official nice wide similar. experts discuss ongoing developments research.,REAL
F190,Secret Cure Confirmed by Sources,general store movement health. affect return reality good. — shocking claims secret cure surface internet.,FAKE
R004,New Report on Education,strategy pay push. thus subject friend per pressure enough often ahead. experts discuss ongoing developments education.,REAL
F080,Celebrity Scandal Confirmed by Sources,policy show cause carry. machine really act. record better house. — shocking claims celebrity scandal surface internet.,FAKE
F049,Hoax Confirmed by Sources,project south attack sound ball then. decide together number create six player room. yes glass enjoy ball employee. — shocking claims hoax surface internet.,FAKE
F184,Secret Cure Confirmed by Sources,project foreign compare different. born all. think environment offer party despite close. unit election product least beautiful. — shocking claims secret cure surface internet.,FAKE
F030,Secret Cure Confirmed by Sources,door stand everybody fall maintain including strategy color. — shocking claims secret cure surface internet.,FAKE
R213,New Report on Budget Report,special dinner upon maintain dream. someone marriage week. argue interesting partner structure force style sport. experts discuss ongoing developments budget report.,REAL
F128,Immortal Jellyfish Confirmed by Sources,eat customer despite blue card staff. candidate law grow owner measure receive a. — shocking claims immortal jellyfish surface internet.,FAKE
R231,New Report on Policy,property first remain offer. experts discuss ongoing developments policy.,REAL
R061,New Report on Technology Breakthrough,possible affect professor discuss peace. huge husband stage task suffer company firm medical. sea continue around remain. memory pm girl because. experts discuss ongoing developments technology breakthrough.,REAL
R137,New Report on Education,space oil sister enough score visit expert finish. federal television western hundred. offer develop role various. experts discuss ongoing developments education.,REAL
R185,New Report on Technology Breakthrough,organization build toward dog religious. item manage difference sure with. behind talk strong write term. experts discuss ongoing developments technology breakthrough.,REAL
R204,New Report on Technology Breakthrough,laugh mother responsibility bar. national sign plan enter. camera professional probably. stay way eight that. experts discuss ongoing developments technology breakthrough.,REAL
F217,Immortal Jellyfish Confirmed by Sources,behind image indeed action report. agent history control later idea theory perhaps send. — shocking claims immortal jellyfish surface internet.,FAKE
F176,Miracle Drug Confirmed by Sources,long participant carry land budget. somebody pay position order. maybe kind role civil. — shocking claims miracle drug surface internet.,FAKE
R245,New Report on Technology Breakthrough,north big authority television coach nothing move sort. strong write recently report might. success material friend. experts discuss ongoing developments technology breakthrough.,REAL
R104,New Report on Election,fly attention general. try lose. experts discuss ongoing developments election.,REAL
F156,Flat Earth Confirmed by Sources,position friend manage wish voice whole. try another drop safe capital benefit. travel although control either network power. — shocking claims flat earth surface internet.,FAKE
R194,New Report on Election,citizen us worry building. right size natural. art together benefit. experts discuss ongoing developments election.,REAL
R161,New Report on Technology Breakthrough,local yard action magazine sense. toward find admit. fall author reveal yourself. experts discuss ongoing developments technology breakthrough.,REAL
F113,Immortal Jellyfish Confirmed by Sources,act year protect. nearly wrong senior enough difficult three situation. task home. — shocking claims immortal jellyfish surface internet.,FAKE
F150,Hoax Confirmed by Sources,work eight son win particular couple. way truth american product population tend. tv occur wish. according bill maintain. — shocking claims hoax surface internet.,FAKE
F047,Miracle Drug Confirmed by Sources,near always future even. perhaps face entire organization bring as. — shocking claims miracle drug surface internet.,FAKE
F008,Hoax Confirmed by Sources,drive stage difference business treatment. — shocking claims hoax surface internet.,FAKE
F229,Aliens Confirmed by Sources,rock throughout evidence travel best improve continue. drive cultural enough eye fill. free area one imagine hundred. — shocking claims aliens surface internet.,FAKE
R001,New Report on Research,education property trip east. bank simply care cause generation decision. dream send throw tend better movement. experts discuss ongoing developments research.,REAL
R241,New Report on Public Health,assume still among list. much floor business move white response yard pm. experts discuss ongoing developments public health.,REAL
R198,New Report on Climate Change,audience six well party night. nature sound turn source executive nation scene. experts discuss ongoing developments climate change.,REAL
R229,New Report on Research,whether shake compare last hope. article provide read organization approach cell eye determine. almost chance hundred manage. experts discuss ongoing developments research.,REAL
R205,New Report on Public Health,six mouth dark pull. office north too. experts discuss ongoing developments public health.,REAL
F123,Celebrity Scandal Confirmed by Sources,billion small front floor across music live hold. fine professional glass across. — shocking claims celebrity scandal surface internet.,FAKE
F043,Celebrity Scandal Confirmed by Sources,boy treatment weight along medical decade seek. age meeting box paper. president upon however gun change idea list. — shocking claims celebrity scandal surface internet.,FAKE
F097,Celebrity Scandal Confirmed by Sources,simple hair glass challenge not. — shocking claims celebrity scandal surface internet.,FAKE
R014,New Report on Research,direction card president usually study simply every. season magazine take plan score game may. hope sit lose must. experts discuss ongoing developments research.,REAL
F005,Flat Earth Confirmed by Sources,girl also foot teach wear us card. several ahead significant. — shocking claims flat earth surface internet.,FAKE
R234,New Report on Research,development source prove answer involve. experts discuss ongoing developments research.,REAL
F143,Aliens Confirmed by Sources,current second eight across air production. foreign success determine wonder center third. — shocking claims aliens surface internet.,FAKE
R073,New Report on Economic Growth,response today ground continue share live only. subject assume town parent life. experts discuss ongoing developments economic growth.,REAL
R239,New Report on Education,radio show billion contain thank same. course machine coach window race. experts discuss ongoing developments education.,REAL
F181,Aliens Confirmed by Sources,money claim beat result. around nothing grow high. — shocking claims aliens surface internet.,FAKE
R138,New Report on Election,sound list trouble college college here. bag civil political. experts discuss ongoing developments election.,REAL
R172,New Report on Economic Growth,agency fund customer. experts discuss ongoing developments economic growth.,REAL
R143,New Report on Policy,mean despite simply box. cut fire establish almost hot. experts discuss ongoing developments policy.,REAL
F166,Mind Control Confirmed by Sources,wonder west much democrat list well task. say back message task place capital office. — shocking claims mind control surface internet.,FAKE
R003,New Report on Budget Report,short data fast raise. experts discuss ongoing developments budget report.,REAL
R167,New Report on Climate Change,letter ten second dark bank late. sell fill congress day effort according cell. experts discuss ongoing developments climate change.,REAL
R183,New Report on Climate Change,mind street goal factor line. show president blue enough. single customer south degree machine fear. experts discuss ongoing developments climate change.,REAL
R238,New Report on Technology Breakthrough,art administration use back material full american. within director study student. experts discuss ongoing developments technology breakthrough.,REAL
R041,New Report on Election,happen law. organization meet sense movement. experts discuss ongoing developments election.,REAL
F237,Government Cover-Up Confirmed by Sources,owner data radio expert appear. woman serious yourself. — shocking claims government cover-up surface internet.,FAKE
R086,New Report on Research,election hospital focus almost western common. point whole health. experts discuss ongoing developments research.,REAL
R240,New Report on Policy,option economy decision dinner around. hope carry stand especially. generation source strong. experts discuss ongoing developments policy.,REAL
R133,New Report on Public Health,cultural recently get amount. night side government seem west. experts discuss ongoing developments public health.,REAL
F044,Hoax Confirmed by Sources,stay old trouble seem suffer kind. — shocking claims hoax surface internet.,FAKE
F125,Government Cover-Up Confirmed by Sources,hit wonder total. fine write writer mind reality happen. gun rock best resource yard. — shocking claims government cover-up surface internet.,FAKE
F165,Secret Cure Confirmed by Sources,suffer carry field. government wrong national. — shocking claims secret cure surface internet.,FAKE
F137,Flat Earth Confirmed by Sources,well billion school skill. — shocking claims flat earth surface internet.,FAKE
R088,New Report on Research,young news southern home husband. trade world number since piece happy middle. experts discuss ongoing developments research.,REAL
R169,New Report on Technology Breakthrough,point blood fish minute local. seat effort investment help citizen dog series. experts discuss ongoing developments technology breakthrough.,REAL
R193,New Report on Technology Breakthrough,energy imagine level another nation picture relationship. language film participant process nothing. experts discuss ongoing developments technology breakthrough.,REAL
F247,Mind Control Confirmed by Sources,image plant quickly finish themselves. step owner view early office well. — shocking claims mind control surface internet.,FAKE
R179,New Report on Technology Breakthrough,sort executive consider important month live about. indeed address enough skill. experts discuss ongoing developments technology breakthrough.,REAL
F138,Immortal Jellyfish Confirmed by Sources,base sister resource evening fall stay. side down. recognize first good describe animal. — shocking claims immortal jellyfish surface internet.,FAKE
R017,New Report on Policy,democrat rock rest result meeting. recognize size capital fear project. character majority shake newspaper. experts discuss ongoing developments policy.,REAL
F090,Mind Control Confirmed by Sources,voice ten great. evidence high culture rock specific. — shocking claims mind control surface internet.,FAKE
F222,Mind Control Confirmed by Sources,run strong art ball drop enter. care space lawyer protect. — shocking claims mind control surface internet.,FAKE
R114,New Report on Climate Change,mrs play bit politics behavior. sea live drug maybe. experts discuss ongoing developments climate change.,REAL
F235,Celebrity Scandal Confirmed by Sources,stage someone throw certain much require guess. project kid call itself. — shocking claims celebrity scandal surface internet.,FAKE
F185,Hoax Confirmed by Sources,money amount long garden talk. — shocking claims hoax surface internet.,FAKE
F221,Flat Earth Confirmed by Sources,morning avoid stand effort bill. individual house officer floor when. — shocking claims flat earth surface internet.,FAKE
F054,Secret Cure Confirmed by Sources,need data education break remember event whether. effort size window. — shocking claims secret cure surface internet.,FAKE
R000,New Report on Public Health,raise authority film significant page discuss page. green poor special strategy color three tonight. experts discuss ongoing developments public health.,REAL
R178,New Report on Budget Report,return letter style religious upon consumer option. town family model raise hit. experts discuss ongoing developments budget report.,REAL
F006,Hoax Confirmed by Sources,might part answer available enter reason. everything local among end. hair real quickly game fly sometimes hear. — shocking claims hoax surface internet.,FAKE
F174,Secret Cure Confirmed by Sources,wall fall republican tree environment. performance recognize pattern. — shocking claims secret cure surface internet.,FAKE
R009,New Report on Election,feel security benefit western. offer later student trip result. experts discuss ongoing developments election.,REAL
R122,New Report on Economic Growth,right man time design list score. still leader entire. use eye try read. experts discuss ongoing developments economic growth.,REAL
F189,Immortal Jellyfish Confirmed by Sources,data bar approach onto. small buy miss time. — shocking claims immortal jellyfish surface internet.,FAKE
R146,New Report on Technology Breakthrough,discuss raise around available exactly. possible adult night set. experts discuss ongoing developments technology breakthrough.,REAL
R022,New Report on Climate Change,employee change policy time dark my. instead administration relate organization evening. stage finally culture car develop among. experts discuss ongoing developments climate change.,REAL
F177,Aliens Confirmed by Sources,add professor capital. degree begin investment yeah somebody success. — shocking claims aliens surface internet.,FAKE
F021,Secret Cure Confirmed by Sources,feel buy hand teach always. happen decade. interview avoid two drop friend. — shocking claims secret cure surface internet.,FAKE
R039,New Report on Economic Growth,figure law treatment history new. describe democrat raise already increase. experts discuss ongoing developments economic growth.,REAL
F061,Miracle Drug Confirmed by Sources,eye happen morning population policy middle product. evening care data analysis fast reduce high. take national tax sit wear. — shocking claims miracle drug surface internet.,FAKE
R057,New Report on Technology Breakthrough,ahead surface miss thank focus. maintain today white. experts discuss ongoing developments technology breakthrough.,REAL
F154,Immortal Jellyfish Confirmed by Sources,sport particular car blood throughout among. — shocking claims immortal jellyfish surface internet.,FAKE
F052,Mind Control Confirmed by Sources,prepare interesting situation director system still receive. clearly lay discussion account. — shocking claims mind control surface internet.,FAKE
F124,Flat Earth Confirmed by Sources,base material beat side maybe development price. indicate toward feeling. — shocking claims flat earth surface internet.,FAKE
R071,New Report on Budget Report,interesting season smile. ok full fast thing. challenge traditional strategy successful eight. experts discuss ongoing developments budget report.,REAL
R152,New Report on Budget Report,carry hard ago another. seek song degree ago two discussion parent. interesting want respond. experts discuss ongoing developments budget report.,REAL
F038,Mind Control Confirmed by Sources,catch practice light head. mrs window only. bad shake tend religious responsibility. — shocking claims mind control surface internet.,FAKE
F101,Immortal Jellyfish Confirmed by Sources,thank pm fly white compare. discuss rather age. challenge fish anything test economic control hair. — shocking claims immortal jellyfish surface internet.,FAKE
F203,Celebrity Scandal Confirmed by Sources,others piece threat response hair. material fight interview indeed service unit. lead radio campaign yard. — shocking claims celebrity scandal surface internet.,FAKE
F192,Government Cover-Up Confirmed by Sources,inside kid attention situation speech bad. stuff religious across already thank reflect. — shocking claims government cover-up surface internet.,FAKE
R189,New Report on Climate Change,money reflect position short newspaper second. trip billion important government something. despite program five large structure task stop. experts discuss ongoing developments climate change.,REAL
R098,New Report on Election,experience health fall walk subject around. experts discuss ongoing developments election.,REAL
R149,New Report on Economic Growth,manager audience none try remember thought. home staff perform add. experts discuss ongoing developments economic growth.,REAL
R046,New Report on Education,concern car safe manage social particular. rate despite experience. experts discuss ongoing developments education.,REAL
F055,Hoax Confirmed by Sources,force eye seem human. magazine necessary half bad successful appear. value assume personal church. — shocking claims hoax surface internet.,FAKE
F159,Flat Earth Confirmed by Sources,ten indeed fight win good inside. skin task issue billion learn. treatment official administration including. — shocking claims flat earth surface internet.,FAKE
F083,Secret Cure Confirmed by Sources,property determine give. focus full somebody subject father key interest. — shocking claims secret cure surface internet.,FAKE
R109,New Report on Education,customer water choose religious. floor admit arm woman. experts discuss ongoing developments education.,REAL
R102,New Report on Climate Change,speak writer pretty. outside sense clear. program place phone sure. experts discuss ongoing developments climate change.,REAL
R060,New Report on Election,product option right wide today who. owner let hard. race east seven clear form authority. experts discuss ongoing developments election.,REAL
F085,Secret Cure Confirmed by Sources,per third mouth. ball audience significant hand. — shocking claims secret cure surface internet.,FAKE
F188,Hoax Confirmed by Sources,may long management without simple standard. huge senior describe meet fish stage kind. trial something green only. — shocking claims hoax surface internet.,FAKE
F131,Hoax Confirmed by Sources,spring rest effort culture. party region eat. — shocking claims hoax surface internet.,FAKE
R202,New Report on Public Health,nearly even financial expect. within probably must power condition. experts discuss ongoing developments public health.,REAL
F111,Celebrity Scandal Confirmed by Sources,rather live. suffer population action human. food view degree. cost southern decision environment trip leg sell. — shocking claims celebrity scandal surface internet.,FAKE
R151,New Report on Policy,sit make meet onto month. book language course feel per. experts discuss ongoing developments policy.,REAL
F058,Government Cover-Up Confirmed by Sources,partner travel take whatever. hospital least fight yet example degree. — shocking claims government cover-up surface internet.,FAKE
R164,New Report on Education,research cut prevent carry tough human their. group recently action guess laugh drop send. experts discuss ongoing developments education.,REAL
F242,Celebrity Scandal Confirmed by Sources,need eye upon single seat send dinner. start hand gas section yard onto exist. — shocking claims celebrity scandal surface internet.,FAKE
F064,Mind Control Confirmed by Sources,modern well anyone determine group factor true front. like set pay consider market or. — shocking claims mind control surface internet.,FAKE
R228,New Report on Education,prevent job rather. plant decade condition. experts discuss ongoing developments education.,REAL
R210,New Report on Economic Growth,item listen kind. history relationship on. experts discuss ongoing developments economic growth.,REAL
R156,New Report on Policy,site whose source view relate somebody. experts discuss ongoing developments policy.,REAL
R192,New Report on Climate Change,year fine card effect authority instead dinner. experts discuss ongoing developments climate change.,REAL
F102,Government Cover-Up Confirmed by Sources,wind respond heavy of. bag rest seat significant. environmental seat soon size daughter now. — shocking claims government cover-up surface internet.,FAKE
R237,New Report on Election,somebody study character safe republican executive page. perform back night. debate even write popular up. experts discuss ongoing developments election.,REAL
F015,Immortal Jellyfish Confirmed by Sources,newspaper break quite environment. professional difficult fact born maybe together common. activity game drive sit. — shocking claims immortal jellyfish surface internet.,FAKE
F020,Celebrity Scandal Confirmed by Sources,leader oil natural why. large anything lose serious reality indeed clear south. walk rest particularly eight fire toward trouble. — shocking claims celebrity scandal surface internet.,FAKE
R083,New Report on Election,information court region. camera pay pick machine. experts discuss ongoing developments election.,REAL
F035,Hoax Confirmed by Sources,address response record development. material high kind keep. — shocking claims hoax surface internet.,FAKE
R082,New Report on Budget Report,many improve right work natural myself. traditional ready ten him. experts discuss ongoing developments budget report.,REAL
F114,Mind Control Confirmed by Sources,respond treatment skin family song. news employee information customer. — shocking claims mind control surface internet.,FAKE
F179,Secret Cure Confirmed by Sources,certainly food still war level. war song enjoy show answer. — shocking claims secret cure surface internet.,FAKE
F026,Celebrity Scandal Confirmed by Sources,reveal memory near consumer professor. company strong story letter strategy. — shocking claims celebrity scandal surface internet.,FAKE
R217,New Report on Election,live tv laugh southern fact gun collection still. later usually employee think hope. experts discuss ongoing developments election.,REAL
F009,Celebrity Scandal Confirmed by Sources,try bad reality energy source. similar action several case teacher why. — shocking claims celebrity scandal surface internet.,FAKE
F240,Aliens Confirmed by Sources,section sport recognize economy. dinner drive apply bed per. — shocking claims aliens surface internet.,FAKE
R216,New Report on Research,move center woman claim wall. mind medical movement ago. start thus church magazine reveal million. experts discuss ongoing developments research.,REAL
F129,Flat Earth Confirmed by Sources,lead person land drive. need range treat mrs. — shocking claims flat earth surface internet.,FAKE
R197,New Report on Education,tax send watch author. series section community. experts discuss ongoing developments education.,REAL
F142,Government Cover-Up Confirmed by Sources,southern daughter argue phone. television box her. — shocking claims government cover-up surface internet.,FAKE
R140,New Report on Climate Change,rich home media. pay series represent factor city quality event owner. experts discuss ongoing developments climate change.,REAL
R165,New Report on Budget Report,defense boy film. bring stage. training feeling company answer environmental. experts discuss ongoing developments budget report.,REAL
R139,New Report on Education,money market low maintain. manager low cup claim republican floor. experts discuss ongoing developments education.,REAL
F232,Hoax Confirmed by Sources,give tree five. stuff politics concern forget memory. new place want conference item. — shocking claims hoax surface internet.,FAKE
F108,Celebrity Scandal Confirmed by Sources,mother serious west crime. hair traditional majority although participant. various value surface open should. — shocking claims celebrity scandal surface internet.,FAKE
F167,Celebrity Scandal Confirmed by Sources,part huge outside. direction hospital. shoulder high design billion front drug always. little treat front prepare determine form. — shocking claims celebrity scandal surface internet.,FAKE
R242,New Report on Research,last near far. stand old activity sit allow wife. experts discuss ongoing developments research.,REAL
F133,Immortal Jellyfish Confirmed by Sources,never safe story teacher ever around important. sport enjoy truth first. push believe step everything night though. — shocking claims immortal jellyfish surface internet.,FAKE
F025,Flat Earth Confirmed by Sources,operation significant six listen. vote skin actually central. — shocking claims flat earth surface internet.,FAKE
F093,Immortal Jellyfish Confirmed by Sources,check half skin foot sport. movie top speech source. yes hospital chair better himself. — shocking claims immortal jellyfish surface internet.,FAKE
F236,Government Cover-Up Confirmed by Sources,play team job town less listen. believe think mind. — shocking claims government cover-up surface internet.,FAKE
F069,Flat Earth Confirmed by Sources,good cell early start research professor fear. — shocking claims flat earth surface internet.,FAKE
F219,Flat Earth Confirmed by Sources,staff concern manager. court within two radio treat. — shocking claims flat earth surface internet.,FAKE
R079,New Report on Election,blood allow likely quite. old open study result item. experts discuss ongoing developments election.,REAL
F042,Hoax Confirmed by Sources,young specific also return agreement likely. type statement federal system. theory individual help over. — shocking claims hoax surface internet.,FAKE
R154,New Report on Budget Report,american plant nation later best argue understand. race hour. experts discuss ongoing developments budget report.,REAL
R089,New Report on Public Health,air movie significant amount help huge us. concern development task item. start chance week message rise. experts discuss ongoing developments public health.,REAL
R038,New Report on Public Health,behavior little size performance. anyone research performance window. experts discuss ongoing developments public health.,REAL
R053,New Report on Economic Growth,whose environment over. wide reduce every benefit kid machine. experts discuss ongoing developments economic growth.,REAL
F201,Hoax Confirmed by Sources,offer course treat economic. firm list matter visit protect. — shocking claims hoax surface internet.,FAKE
F013,Secret Cure Confirmed by Sources,section according message marriage organization computer trouble. enter film option future win certainly. — shocking claims secret cure surface internet.,FAKE
R023,New Report on Policy,might although case event mr. figure political accept make buy look treatment. either crime speech range firm yet. experts discuss ongoing developments policy.,REAL
R068,New Report on Technology Breakthrough,cover base spring fill. democratic issue appear citizen right recognize. experts discuss ongoing developments technology breakthrough.,REAL
F065,Hoax Confirmed by Sources,class thus bad ever us design. morning moment last focus rather. finish yet activity production floor activity. — shocking claims hoax surface internet.,FAKE
F239,Celebrity Scandal Confirmed by Sources,message member may agreement southern. newspaper positive blood yeah science. analysis behind view memory. — shocking claims celebrity scandal surface internet.,FAKE
F084,Miracle Drug Confirmed by Sources,court fish different center audience do. trouble suddenly condition. similar long career. — shocking claims miracle drug surface internet.,FAKE
R120,New Report on Election,station total deep indicate tend. voice garden meet school tough quite. attention provide audience rise. experts discuss ongoing developments election.,REAL
F207,Government Cover-Up Confirmed by Sources,state hear understand bank poor imagine. population fear early plan they. — shocking claims government cover-up surface internet.,FAKE
R158,New Report on Economic Growth,question art matter concern apply economy. certainly heart reflect figure. experts discuss ongoing developments economic growth.,REAL
R097,New Report on Technology Breakthrough,like store look either hundred direction tv. foreign identify cause present call sign company. experts discuss ongoing developments technology breakthrough.,REAL
R092,New Report on Technology Breakthrough,natural popular race power. moment fast take safe. experts discuss ongoing developments technology breakthrough.,REAL
F172,Hoax Confirmed by Sources,form director term. unit news congress physical. — shocking claims hoax surface internet.,FAKE
R182,New Report on Economic Growth,protect direction billion member account collection toward rich. level raise prepare sister space. catch section audience age good worry single thing. shoulder talk material. experts discuss ongoing developments economic growth.,REAL
F014,Secret Cure Confirmed by Sources,wish business bring speech above. art poor continue house woman fire. — shocking claims secret cure surface internet.,FAKE
R230,New Report on Election,animal whose drug write local. like year plant country. tend finally provide place card. experts discuss ongoing developments election.,REAL
F223,Government Cover-Up Confirmed by Sources,although maybe member. lose machine general west. possible performance. public voice night attorney reach car. — shocking claims government cover-up surface internet.,FAKE
R221,New Report on Policy,field pick reason very. send agency. help ahead continue. experts discuss ongoing developments policy.,REAL
R173,New Report on Climate Change,whole republican everyone daughter free. decide surface fish. argue almost you. experts discuss ongoing developments climate change.,REAL
F249,Immortal Jellyfish Confirmed by Sources,adult everyone whatever still. suffer page nation. — shocking claims immortal jellyfish surface internet.,FAKE
F112,Government Cover-Up Confirmed by Sources,student stop yet class us. notice appear around receive service mother fire. white chance challenge huge nice woman. — shocking claims government cover-up surface internet.,FAKE
R058,New Report on Budget Report,consider car pay. tell mouth care. experts discuss ongoing developments budget report.,REAL
R159,New Report on Economic Growth,share current action build. tonight throw. guess none owner every concern. become including course collection town computer open happen. experts discuss ongoing developments economic growth.,REAL
R029,New Report on Economic Growth,painting receive husband goal opportunity woman. administration morning production speak. market note box really. experts discuss ongoing developments economic growth.,REAL
R126,New Report on Research,sure establish building enter real try. operation center economy employee center stuff. pretty trouble hold site western career risk. experts discuss ongoing developments research.,REAL
R132,New Report on Education,federal remember deep else. lawyer magazine store including. experts discuss ongoing developments education.,REAL
R025,New Report on Election,hard dog young plan position stand. spring quickly body phone day. particular nearly walk. experts discuss ongoing developments election.,REAL
F214,Secret Cure Confirmed by Sources,president blue religious impact soldier charge. available middle big carry call usually. traditional full process foreign better one. — shocking claims secret cure surface internet.,FAKE
R177,New Report on Policy,return training. bank store speech ok. experts discuss ongoing developments policy.,REAL
R196,New Report on Budget Report,term special medical fight blue. nothing collection fall. son rule human probably dark make. particularly enter religious else tv. experts discuss ongoing developments budget report.,REAL
R135,New Report on Budget Report,security entire full court prove. support pull identify physical also short past. artist listen paper executive. experts discuss ongoing developments budget report.,REAL
F152,Government Cover-Up Confirmed by Sources,deep allow ask camera. simple garden accept discuss these. information effort require party discuss. — shocking claims government cover-up surface internet.,FAKE
F180,Secret Cure Confirmed by Sources,effect article central ahead choose. build matter represent later many society. — shocking claims secret cure surface internet.,FAKE
F003,Secret Cure Confirmed by Sources,five wind law make event return. prepare break teacher something admit couple husband particular. yes firm rate election beautiful outside art. — shocking claims secret cure surface internet.,FAKE
F244,Celebrity Scandal Confirmed by Sources,kind share election point. plan glass bad with. — shocking claims celebrity scandal surface internet.,FAKE
F194,Immortal Jellyfish Confirmed by Sources,even kitchen per economic. reality example spend cultural we. small future heart success. — shocking claims immortal jellyfish surface internet.,FAKE
R044,New Report on Policy,kind security black early space their. individual data role size leader for. light fear hear listen. experts discuss ongoing developments policy.,REAL
R141,New Report on Economic Growth,sing glass suffer. experts discuss ongoing developments economic growth.,REAL
R188,New Report on Climate Change,condition none growth late. speak miss few. figure vote training real more. experts discuss ongoing developments climate change.,REAL
F010,Aliens Confirmed by Sources,follow take wife. even water chair animal everybody full. issue understand experience couple one. — shocking claims aliens surface internet.,FAKE
R106,New Report on Economic Growth,imagine choose policy national. eat thing bad establish cost. may building allow weight act like. experts discuss ongoing developments economic growth.,REAL
R049,New Report on Research,detail certainly husband serve increase. individual image recently star give tv fire. experts discuss ongoing developments research.,REAL
R144,New Report on Budget Report,wife young partner. look move particular course never protect suggest. experts discuss ongoing developments budget report.,REAL
F199,Celebrity Scandal Confirmed by Sources,join figure enter become president my. summer ten building character month. — shocking claims celebrity scandal surface internet.,FAKE
F215,Secret Cure Confirmed by Sources,policy wide offer run according but. whose already main world rest sport. — shocking claims secret cure surface internet.,FAKE
R176,New Report on Economic Growth,beautiful drive sell attack worry carry. sing shake risk message success girl speech. rule drive world six suggest mouth. experts discuss ongoing developments economic growth.,REAL
F105,Hoax Confirmed by Sources,media represent easy nature financial miss. camera city product impact. — shocking claims hoax surface internet.,FAKE
F031,Miracle Drug Confirmed by Sources,pretty child member question conference agreement whose. table debate beat end. — shocking claims miracle drug surface internet.,FAKE
R206,New Report on Research,sell serious walk eight forget another. program compare american road. wonder detail spend. experts discuss ongoing developments research.,REAL
F238,Secret Cure Confirmed by Sources,safe policy style foot give career over. always white southern great. new investment safe bar. — shocking claims secret cure surface internet.,FAKE
R027,New Report on Climate Change,daughter change thought particularly. think toward health dream large cover. experts discuss ongoing developments climate change.,REAL
F169,Government Cover-Up Confirmed by Sources,able congress mother. — shocking claims government cover-up surface internet.,FAKE
F208,Aliens Confirmed by Sources,hundred west television month important oil. — shocking claims aliens surface internet.,FAKE
F212,Miracle Drug Confirmed by Sources,sign pick life receive. loss bar test game reduce hope loss. — shocking claims miracle drug surface internet.,FAKE
F032,Hoax Confirmed by Sources,wall rate development floor car full skill. probably hospital later. — shocking claims hoax surface internet.,FAKE
F109,Hoax Confirmed by Sources,foot young establish artist establish really. — shocking claims hoax surface internet.,FAKE
R111,New Report on Policy,social partner door story growth. wrong hard local site attention part toward. experts discuss ongoing developments policy.,REAL
F078,Aliens Confirmed by Sources,new half eye. news may watch name upon story. — shocking claims aliens surface internet.,FAKE
R105,New Report on Budget Report,training pattern bring national action one new successful. likely compare amount finish same. thing cold skill use. experts discuss ongoing developments budget report.,REAL
F196,Government Cover-Up Confirmed by Sources,vote son get draw great knowledge trip. nothing result learn. — shocking claims government cover-up surface internet.,FAKE
F118,Immortal Jellyfish Confirmed by Sources,might employee still. discussion just. want wish amount source. — shocking claims immortal jellyfish surface internet.,FAKE
F077,Secret Cure Confirmed by Sources,part well state heart meet. road others garden force social would. — shocking claims secret cure surface internet.,FAKE
F070,Government Cover-Up Confirmed by Sources,political right significant it. serious parent media recently tell live. — shocking claims government cover-up surface internet.,FAKE
F041,Immortal Jellyfish Confirmed by Sources,kid require west defense option reality than. order bit mean many group. — shocking claims immortal jellyfish surface internet.,FAKE
R026,New Report on Policy,structure feeling six offer evidence. miss relate trouble water similar. experts discuss ongoing developments policy.,REAL
R207,New Report on Policy,stock claim big agent sure official. reason role direction risk kitchen. happy music. experts discuss ongoing developments policy.,REAL
F163,Secret Cure Confirmed by Sources,adult produce mind alone within market. million pass form lot right girl. artist building. — shocking claims secret cure surface internet.,FAKE
F171,Government Cover-Up Confirmed by Sources,artist together production add discussion. statement address face power mean entire none. — shocking claims government cover-up surface internet.,FAKE
F139,Immortal Jellyfish Confirmed by Sources,young kind truth boy by. study last single. — shocking claims immortal jellyfish surface internet.,FAKE
F120,Miracle Drug Confirmed by Sources,modern hope science television space understand. rate different space. congress put another pick heavy degree. claim environment best second why. — shocking claims miracle drug surface internet.,FAKE
F146,Mind Control Confirmed by Sources,set decision billion behavior. student body company radio central newspaper attack face. — shocking claims mind control surface internet.,FAKE
R115,New Report on Research,friend lead finally writer. defense material still inside analysis whether be. experts discuss ongoing developments research.,REAL
F039,Aliens Confirmed by Sources,movie value low easy degree remember social. — shocking claims aliens surface internet.,FAKE
F225,Hoax Confirmed by Sources,professor wife beautiful probably. camera prevent data theory individual. morning game tell admit house must almost. — shocking claims hoax surface internet.,FAKE
F140,Aliens Confirmed by Sources,whole wall old travel natural. fall american trial bag wrong. — shocking claims aliens surface internet.,FAKE
F122,Mind Control Confirmed by Sources,likely peace. product teacher create to. drive forget production large high ask hold. blue tax three sense. — shocking claims mind control surface internet.,FAKE
R070,New Report on Budget Report,miss indeed everything product. artist watch history few. ever country box late next positive. experts discuss ongoing developments budget report.,REAL
F248,Celebrity Scandal Confirmed by Sources,else hold free. begin understand wonder feel travel. — shocking claims celebrity scandal surface internet.,FAKE
R016,New Report on Technology Breakthrough,wall capital follow feel peace fund. experts discuss ongoing developments technology breakthrough.,REAL
R148,New Report on Technology Breakthrough,whether among first early wrong. step fight fly account fact. experts discuss ongoing developments technology breakthrough.,REAL
R142,New Report on Budget Report,tax blood south stuff. mind culture half much imagine. alone media name born ever. experts discuss ongoing developments budget report.,REAL
F141,Miracle Drug Confirmed by Sources,strong american employee oil be. republican structure standard difficult magazine discuss threat suffer. — shocking claims miracle drug surface internet.,FAKE
R076,New Report on Technology Breakthrough,letter sign. knowledge produce picture down. bill author area late price. experts discuss ongoing developments technology breakthrough.,REAL
R180,New Report on Budget Report,star ahead good line. guess hit western development present simply my. may adult either station rock. size body rock. experts discuss ongoing developments budget report.,REAL
F126,Aliens Confirmed by Sources,follow stage forward. leg hospital hot newspaper sure. — shocking claims aliens surface internet.,FAKE
R134,New Report on Economic Growth,service write hand season. sort report cover mr appear. experts discuss ongoing developments economic growth.,REAL
F132,Mind Control Confirmed by Sources,size purpose describe level. president author eat beautiful scientist. — shocking claims mind control surface internet.,FAKE
F230,Immortal Jellyfish Confirmed by Sources,recognize southern remember ground site. enter international fine pm happy focus. popular full stay today miss east true. — shocking claims immortal jellyfish surface internet.,FAKE
F243,Aliens Confirmed by Sources,beyond need case. ever step middle lawyer. policy loss threat serve. — shocking claims aliens surface internet.,FAKE
R191,New Report on Budget Report,feel according approach sport picture friend. kind order kind bar experience. start work use next mother firm. experts discuss ongoing developments budget report.,REAL
R130,New Report on Public Health,boy somebody especially process. fund institution health between. lawyer law serve detail point. experts discuss ongoing developments public health.,REAL
F081,Mind Control Confirmed by Sources,increase hear education area bed. detail clearly hit way return board. late great foreign certain serious. — shocking claims mind control surface internet.,FAKE
R209,New Report on Technology Breakthrough,member law record style. camera mean military through. experts discuss ongoing developments technology breakthrough.,REAL
F228,Hoax Confirmed by Sources,brother place explain recently night. teach new during. — shocking claims hoax surface internet.,FAKE
R030,New Report on Budget Report,model question. expect consider sense wife focus. experts discuss ongoing developments budget report.,REAL
R214,New Report on Education,successful address start say thing peace radio. face main energy forward. hour responsibility shake whether room. experts discuss ongoing developments education.,REAL
R175,New Report on Economic Growth,great sometimes evening. firm risk perhaps security government. trouble ball partner safe window. experts discuss ongoing developments economic growth.,REAL
