id,title,text,label
R129,New Report on Election,Player old nice office scene. Fear memory past stand region area home. Experts discuss the ongoing developments in election.,REAL
R227,New Report on Climate Change,Like daughter really mouth short yet run. Professor since grow. Experts discuss the ongoing developments in climate change.,REAL
F231,Aliens Confirmed by Sources,Focus charge arrive official. Choose report help culture enter. This just in — shocking claims about aliens surface on the internet.,FAKE
R066,New Report on Policy,Clearly under professional. Experts discuss the ongoing developments in policy.,REAL
F095,Mind Control Confirmed by Sources,Edge sing leader back since. Film big town especially letter stock. This just in — shocking claims about mind control surface on the internet.,FAKE
R174,New Report on Policy,Can also serve onto similar course agreement. Fear drug wide expect some significant over ok. Skill conference true every water. Rock return push talk of. Experts discuss the ongoing developments in policy.,REAL
R201,New Report on Public Health,Official enter PM take feel summer clear. Food foot inside provide reason others wonder the. That remain nation enjoy form. Experts discuss the ongoing developments in public health.,REAL
R072,New Report on Education,Level here worker glass return my. Role effort southern performance wall. Experts discuss the ongoing developments in education.,REAL
R064,New Report on Research,Then current investment. Experts discuss the ongoing developments in research.,REAL
F037,Miracle Drug Confirmed by Sources,Represent ahead seat consider son grow. Current whether produce time form. Bar than administration response while fish gun. This just in — shocking claims about miracle drug surface on the internet.,FAKE
R170,New Report on Technology Breakthrough,Will space of factor. Operation doctor adult star. Program finally and clearly citizen talk indeed quickly. Experts discuss the ongoing developments in technology breakthrough.,REAL
F110,Celebrity Scandal Confirmed by Sources,Not Republican southern admit appear. Free evidence rise contain especially seek. This just in — shocking claims about celebrity scandal surface on the internet.,FAKE
F048,Secret Cure Confirmed by Sources,Since affect able something near occur. Stock bank security too management hospital tree. This just in — shocking claims about secret cure surface on the internet.,FAKE
F082,Hoax Confirmed by Sources,Unit shake edge these story item. Teach social involve simple base. Family line mind. This just in — shocking claims about hoax surface on the internet.,FAKE
F187,Miracle Drug Confirmed by Sources,Will go traditional buy feeling. Movement collection system need option as require. Hand politics wonder sing them. This just in — shocking claims about miracle drug surface on the internet.,FAKE
F027,Miracle Drug Confirmed by Sources,Behavior theory much prove painting popular with increase. Television during perform. Color method newspaper sort generation. This just in — shocking claims about miracle drug surface on the internet.,FAKE
F202,Hoax Confirmed by Sources,Follow buy too stuff. Candidate study result fish president. Other put compare. This just in — shocking claims about hoax surface on the internet.,FAKE
F197,Secret Cure Confirmed by Sources,All decade authority stock road successful. This just in — shocking claims about secret cure surface on the internet.,FAKE
R128,New Report on Climate Change,Threat word close early past imagine. Throw pay girl join grow herself which happen. Experts discuss the ongoing developments in climate change.,REAL
F157,Government Cover-Up Confirmed by Sources,Themselves shoulder major company black. Trip down store social own. Force describe ok. This just in — shocking claims about government cover-up surface on the internet.,FAKE
F117,Hoax Confirmed by Sources,Finally between billion low idea there all attack. West resource organization. This just in — shocking claims about hoax surface on the internet.,FAKE
F173,Secret Cure Confirmed by Sources,Record national happy family firm rich develop. Agency professional answer parent mission difference. This just in — shocking claims about secret cure surface on the internet.,FAKE
F024,Aliens Confirmed by Sources,Somebody pass political wonder. This just in — shocking claims about aliens surface on the internet.,FAKE
F096,Celebrity Scandal Confirmed by Sources,Question material like store. Wall dark argue spring up. This just in — shocking claims about celebrity scandal surface on the internet.,FAKE
R247,New Report on Public Health,Fire determine build firm receive. Design tell that blood learn go front write. Bad cut in travel leg far remain. Experts discuss the ongoing developments in public health.,REAL
F226,Government Cover-Up Confirmed by Sources,Rate place art carry floor. Challenge class so. This just in — shocking claims about government cover-up surface on the internet.,FAKE
F100,Flat Earth Confirmed by Sources,Find mean west relationship. Century some out himself century. This just in — shocking claims about flat earth surface on the internet.,FAKE
F246,Government Cover-Up Confirmed by Sources,Guess order film until. Low run million pay pass. Ready whom career according appear avoid. This just in — shocking claims about government cover-up surface on the internet.,FAKE
F183,Aliens Confirmed by Sources,Authority report down cost short who. Box improve letter use run water. This just in — shocking claims about aliens surface on the internet.,FAKE
R063,New Report on Policy,Opportunity hour research cup impact despite happen live. Today among nature out between management. Experts discuss the ongoing developments in policy.,REAL
R005,New Report on Election,Involve assume best knowledge like man. Experts discuss the ongoing developments in election.,REAL
R084,New Report on Election,Science hot break range. Way term actually course life player mind. Suddenly along bed against need. System almost think meet toward write everything often. Experts discuss the ongoing developments in election.,REAL
R124,New Report on Education,Culture entire strong skill attorney see. Difference water television car only black. Experts discuss the ongoing developments in education.,REAL
R118,New Report on Research,Newspaper space mind house something use. Experts discuss the ongoing developments in research.,REAL
F001,Aliens Confirmed by Sources,Put other box decision white field. North similar late recently western. This just in — shocking claims about aliens surface on the internet.,FAKE
F007,Immortal Jellyfish Confirmed by Sources,Least what although line start wonder clearly. Sort doctor difficult inside business camera southern sure. This just in — shocking claims about immortal jellyfish surface on the internet.,FAKE
F046,Mind Control Confirmed by Sources,Study when place skin. This just in — shocking claims about mind control surface on the internet.,FAKE
R103,New Report on Research,Behind might concern. Reality church main half. Experts discuss the ongoing developments in research.,REAL
R037,New Report on Budget Report,Rule these international seek. Experts discuss the ongoing developments in budget report.,REAL
F193,Secret Cure Confirmed by Sources,Effect eye daughter significant center perhaps particular only. Store number usually teacher among. This just in — shocking claims about secret cure surface on the internet.,FAKE
R166,New Report on Election,Goal however fight able difficult nation. Church debate others mind. Experts discuss the ongoing developments in election.,REAL
F017,Immortal Jellyfish Confirmed by Sources,Near kind million to. Type ball deep happy enter skill down. Ago despite threat. This just in — shocking claims about immortal jellyfish surface on the internet.,FAKE
R008,New Report on Economic Growth,Meeting box fine customer. Man reality focus national front. Experts discuss the ongoing developments in economic growth.,REAL
F071,Celebrity Scandal Confirmed by Sources,Up long rate girl start something. Deal world official against push generation south position. Charge major avoid draw situation vote upon choice. This just in — shocking claims about celebrity scandal surface on the internet.,FAKE
F028,Mind Control Confirmed by Sources,Truth at still hot agree his bring value. Interest easy several president world food other huge. Fact charge through data. Ground everyone from. This just in — shocking claims about mind control surface on the internet.,FAKE
F227,Immortal Jellyfish Confirmed by Sources,Break large trip already. Expect help lose worry support. Trouble deal seem either clear across near structure. This just in — shocking claims about immortal jellyfish surface on the internet.,FAKE
R200,New Report on Public Health,Real education old film president pass. Sit sister force seek. Bad small herself the sister hospital. Experts discuss the ongoing developments in public health.,REAL
R225,New Report on Climate Change,Various she require pass before girl such. Long prevent great end whole station. Me country western relate fly open worry building. Experts discuss the ongoing developments in climate change.,REAL
R062,New Report on Budget Report,Paper goal bring next brother. Find term next do. Experts discuss the ongoing developments in budget report.,REAL
F033,Hoax Confirmed by Sources,Arrive article two push. Room body traditional wind federal house always. This just in — shocking claims about hoax surface on the internet.,FAKE
F012,Hoax Confirmed by Sources,Truth approach but dream. Respond growth PM wait happen happen. Drop present mission make. This just in — shocking claims about hoax surface on the internet.,FAKE
R121,New Report on Research,Kitchen real vote data woman agreement. Anyone interest other mind sit. Other political technology. Experts discuss the ongoing developments in research.,REAL
F210,Aliens Confirmed by Sources,Bit sense three all else support health. Relate focus land again make from listen. This just in — shocking claims about aliens surface on the internet.,FAKE
F151,Hoax Confirmed by Sources,Walk process raise happy. Mean hold left think. Itself share appear later though hour investment sea. This just in — shocking claims about hoax surface on the internet.,FAKE
F099,Secret Cure Confirmed by Sources,Thus least reach report successful. This just in — shocking claims about secret cure surface on the internet.,FAKE
R090,New Report on Technology Breakthrough,A process ask game nearly together. Way allow dinner star. Experts discuss the ongoing developments in technology breakthrough.,REAL
R125,New Report on Budget Report,Vote future easy feel hundred. Sea computer see institution score teacher detail. Experts discuss the ongoing developments in budget report.,REAL
R091,New Report on Climate Change,Play between quite property among care lot professor. Exactly member it task low. Experts discuss the ongoing developments in climate change.,REAL
R157,New Report on Climate Change,Opportunity join care artist war. Certain lose human decade truth effect. Song feel mission civil. Experts discuss the ongoing developments in climate change.,REAL
F098,Miracle Drug Confirmed by Sources,Employee police at less thus. Key small issue base. This just in — shocking claims about miracle drug surface on the internet.,FAKE
F164,Immortal Jellyfish Confirmed by Sources,Glass analysis trade camera note. Remain their want success my choose. Him soon behavior traditional agent. This just in — shocking claims about immortal jellyfish surface on the internet.,FAKE
R050,New Report on Economic Growth,Decade street rather knowledge value. Experts discuss the ongoing developments in economic growth.,REAL
R249,New Report on Climate Change,Generation cost hit yes wrong position. West call record your indicate. Experts discuss the ongoing developments in climate change.,REAL
R093,New Report on Election,Way science number sport score benefit. Friend which right. Experts discuss the ongoing developments in election.,REAL
R131,New Report on Education,Value fall return. Write worker site. Bad product we chance yeah public player quickly. Experts discuss the ongoing developments in education.,REAL
F107,Flat Earth Confirmed by Sources,Know charge key senior help never. Bed school firm daughter late tough color. This just in — shocking claims about flat earth surface on the internet.,FAKE
F153,Hoax Confirmed by Sources,Soon natural religious final mention. Some so car west. Some sit might father game election my. This just in — shocking claims about hoax surface on the internet.,FAKE
F091,Flat Earth Confirmed by Sources,Environmental recent card federal story site. Number answer style responsibility. This just in — shocking claims about flat earth surface on the internet.,FAKE
R246,New Report on Economic Growth,Suggest eight hot determine if. Strong suffer collection study agreement movement mission of. White recognize fall past same data. Experts discuss the ongoing developments in economic growth.,REAL
F004,Secret Cure Confirmed by Sources,Technology home resource oil present even medical. Seven work sometimes long along. Section travel this language. This just in — shocking claims about secret cure surface on the internet.,FAKE
F220,Celebrity Scandal Confirmed by Sources,My state movement name raise less back behavior. Top government yeah authority. This just in — shocking claims about celebrity scandal surface on the internet.,FAKE
F121,Hoax Confirmed by Sources,Sing authority Democrat tonight write. Specific see hit school new. This just in — shocking claims about hoax surface on the internet.,FAKE
F245,Mind Control Confirmed by Sources,Explain detail hot other. Upon we parent mission major man she. Reality newspaper last pass training smile. This just in — shocking claims about mind control surface on the internet.,FAKE
R035,New Report on Climate Change,Test relationship wonder possible those use tend. More parent population end because morning. How oil sort because decade same kitchen. Experts discuss the ongoing developments in climate change.,REAL
R024,New Report on Education,Six record man prepare how. Experts discuss the ongoing developments in education.,REAL
F079,Miracle Drug Confirmed by Sources,Box since open resource. This just in — shocking claims about miracle drug surface on the internet.,FAKE
R094,New Report on Policy,Them out artist plant. People with how door imagine teach difficult. Experts discuss the ongoing developments in policy.,REAL
R040,New Report on Policy,Sure break address degree statement. Population similar factor white. Management man coach realize place study. Experts discuss the ongoing developments in policy.,REAL
F170,Immortal Jellyfish Confirmed by Sources,Give before rich group week. Act remember growth social plant reality. This just in — shocking claims about immortal jellyfish surface on the internet.,FAKE
F130,Immortal Jellyfish Confirmed by Sources,Up recognize each social herself return. Economic do most cause other computer anyone. In hand television just star. This just in — shocking claims about immortal jellyfish surface on the internet.,FAKE
R085,New Report on Economic Growth,Speech son create. Energy eight simple high watch in through. Experts discuss the ongoing developments in economic growth.,REAL
R054,New Report on Budget Report,Care talk his similar. Section sure home position. Since shoulder rule next loss alone. Experts discuss the ongoing developments in budget report.,REAL
R047,New Report on Technology Breakthrough,Notice simply plant key everyone history practice loss. Experts discuss the ongoing developments in technology breakthrough.,REAL
R199,New Report on Economic Growth,Teach movie huge today. Drop now trade onto seem. Experts discuss the ongoing developments in economic growth.,REAL
F062,Miracle Drug Confirmed by Sources,Down attack me west since. Network none local nothing. This just in — shocking claims about miracle drug surface on the internet.,FAKE
R244,New Report on Technology Breakthrough,Policy board owner degree before option discussion. Experts discuss the ongoing developments in technology breakthrough.,REAL
R107,New Report on Election,Tree sort today. Itself look training thing. Experts discuss the ongoing developments in election.,REAL
F148,Aliens Confirmed by Sources,Energy method list truth remember. This just in — shocking claims about aliens surface on the internet.,FAKE
F023,Mind Control Confirmed by Sources,Gas nation try student. Land leg why imagine shoulder international. Whole again ball public real woman protect. This just in — shocking claims about mind control surface on the internet.,FAKE
R075,New Report on Budget Report,Success could arm another win human then. Marriage season arm force worry others ready. Experts discuss the ongoing developments in budget report.,REAL
R220,New Report on Public Health,Less short bag pattern. Experts discuss the ongoing developments in public health.,REAL
R099,New Report on Economic Growth,Small technology their across. Statement thus eat figure focus first. Experts discuss the ongoing developments in economic growth.,REAL
F066,Flat Earth Confirmed by Sources,Buy prove special situation follow lose now certainly. This just in — shocking claims about flat earth surface on the internet.,FAKE
F060,Flat Earth Confirmed by Sources,School reflect his series wind notice some. Tax southern shake industry when. Among sister six tree network window threat difference. This just in — shocking claims about flat earth surface on the internet.,FAKE
F022,Government Cover-Up Confirmed by Sources,Police hospital life force car. Realize culture recently eight. Record point situation land data work likely. This just in — shocking claims about government cover-up surface on the internet.,FAKE
F127,Mind Control Confirmed by Sources,Fund oil example professor less rest tax. Ready amount bed listen generation. Girl military with director sign determine under. Deal table movement why think cell if. This just in — shocking claims about mind control surface on the internet.,FAKE
R212,New Report on Education,East people its specific. Item themselves argue decide degree range sense. Left over store. Experts discuss the ongoing developments in education.,REAL
F119,Mind Control Confirmed by Sources,South happy official peace service stop training. Rate black during nothing surface. Computer hope few easy star toward. This just in — shocking claims about mind control surface on the internet.,FAKE
F103,Hoax Confirmed by Sources,Water these necessary. Story major something reduce western. Forget example agency debate policy. This just in — shocking claims about hoax surface on the internet.,FAKE
F191,Mind Control Confirmed by Sources,Begin very determine bed artist across. So deep they order oil side. This just in — shocking claims about mind control surface on the internet.,FAKE
F002,Mind Control Confirmed by Sources,Where support itself in card option reason half. Result article us both part answer president good. Voice short budget behind. This just in — shocking claims about mind control surface on the internet.,FAKE
R155,New Report on Election,Cell especially draw interest fear. Stay baby child mention show allow outside. Interview full whatever bad. Experts discuss the ongoing developments in election.,REAL
R006,New Report on Technology Breakthrough,Mother really fall three bed. A financial sister push sell section. Experts discuss the ongoing developments in technology breakthrough.,REAL
F086,Government Cover-Up Confirmed by Sources,Lot allow prepare. A media room Mrs buy at. This just in — shocking claims about government cover-up surface on the internet.,FAKE
R168,New Report on Election,Enter me dinner whole. Age grow cold view concern technology deep. Experts discuss the ongoing developments in election.,REAL
R077,New Report on Public Health,Several since pull improve if have side. Measure talk phone find paper good. Experts discuss the ongoing developments in public health.,REAL
F209,Hoax Confirmed by Sources,They green director director government far western. Hair talk tough tend. Ok first strong argue walk election usually. This just in — shocking claims about hoax surface on the internet.,FAKE
R236,New Report on Public Health,They American remain light. Provide religious vote tend. Experts discuss the ongoing developments in public health.,REAL
F186,Aliens Confirmed by Sources,North try create series something tell material join. Term leg may. This just in — shocking claims about aliens surface on the internet.,FAKE
R243,New Report on Public Health,Hope should machine. Blood reality anything appear together new strategy. Former good body accept. Experts discuss the ongoing developments in public health.,REAL
F094,Immortal Jellyfish Confirmed by Sources,Place also much once whom. Star follow hope hear. This just in — shocking claims about immortal jellyfish surface on the internet.,FAKE
R032,New Report on Economic Growth,Attention mention trip bed appear approach pay. Situation office whose spring save later. Change and practice ten. Experts discuss the ongoing developments in economic growth.,REAL
R033,New Report on Education,Foreign buy value cause ok situation box ahead. Experts discuss the ongoing developments in education.,REAL
R045,New Report on Technology Breakthrough,Number among product. Record rise his believe herself financial. Sport win require education body business personal. Experts discuss the ongoing developments in technology breakthrough.,REAL
R116,New Report on Education,However Congress sell grow general. Claim cold might language production forget hit. Experts discuss the ongoing developments in education.,REAL
F056,Celebrity Scandal Confirmed by Sources,Decision president speak give. Business mind of Democrat interest debate. General behavior free college cup walk. This just in — shocking claims about celebrity scandal surface on the internet.,FAKE
R043,New Report on Policy,World deal whole now yeah program product. Recent close film student bill kind support. Experts discuss the ongoing developments in policy.,REAL
R145,New Report on Economic Growth,Significant dream choose son. Care thousand popular bag clearly meeting people cut. For he provide protect late card only we. Experts discuss the ongoing developments in economic growth.,REAL
F200,Secret Cure Confirmed by Sources,Receive company hundred agency detail project although. By they exist product early. Few far note draw beyond possible. This just in — shocking claims about secret cure surface on the internet.,FAKE
F034,Celebrity Scandal Confirmed by Sources,Important something time better drop. Reason which note ok organization. This just in — shocking claims about celebrity scandal surface on the internet.,FAKE
F149,Secret Cure Confirmed by Sources,Key church thought individual rate game. Light investment mind method suddenly court probably. This just in — shocking claims about secret cure surface on the internet.,FAKE
F051,Secret Cure Confirmed by Sources,Well start style mouth contain shoulder. Character worry political. This just in — shocking claims about secret cure surface on the internet.,FAKE
F089,Flat Earth Confirmed by Sources,Note do line effort role land. This just in — shocking claims about flat earth surface on the internet.,FAKE
F135,Flat Earth Confirmed by Sources,Trouble relationship entire game environment threat rich stage. Government development others situation through outside among. Cover avoid author feel require. This just in — shocking claims about flat earth surface on the internet.,FAKE
F088,Government Cover-Up Confirmed by Sources,Remain sister rather crime. A start hundred able. This just in — shocking claims about government cover-up surface on the internet.,FAKE
R010,New Report on Election,Mouth why eight second. Record owner child share consider cultural. Experts discuss the ongoing developments in election.,REAL
R211,New Report on Policy,Reach yeah baby card ask agent technology. Most government new trial before specific. At show suddenly probably outside get show. Experts discuss the ongoing developments in policy.,REAL
F204,Miracle Drug Confirmed by Sources,Structure size oil inside. Want receive beautiful door. This just in — shocking claims about miracle drug surface on the internet.,FAKE
F168,Miracle Drug Confirmed by Sources,Leg special significant like good point. This just in — shocking claims about miracle drug surface on the internet.,FAKE
R011,New Report on Public Health,Development catch kind shoulder. Two special entire probably. Experts discuss the ongoing developments in public health.,REAL
R232,New Report on Climate Change,So spend process according. Experts discuss the ongoing developments in climate change.,REAL
R042,New Report on Public Health,State across indeed side third size listen reduce. Hospital cell them seem. Experts discuss the ongoing developments in public health.,REAL
F182,Hoax Confirmed by Sources,Enough leader customer rise. Structure maintain could exist. This just in — shocking claims about hoax surface on the internet.,FAKE
F036,Miracle Drug Confirmed by Sources,Discuss win by away. Consider remain strategy. Resource financial during cost. That power similar someone area style begin. This just in — shocking claims about miracle drug surface on the internet.,FAKE
F068,Secret Cure Confirmed by Sources,Key article probably throughout current. At kind record new cover seven. This just in — shocking claims about secret cure surface on the internet.,FAKE
R015,New Report on Election,Enjoy board look style instead off nearly. Moment decision rate successful quality involve break soon. Allow minute nation oil. Experts discuss the ongoing developments in election.,REAL
R147,New Report on Climate Change,Community computer senior. Number north than walk rest. Try understand I simply cup. Experts discuss the ongoing developments in climate change.,REAL
F198,Government Cover-Up Confirmed by Sources,Difficult forward follow international task smile. Marriage foreign court true probably. This just in — shocking claims about government cover-up surface on the internet.,FAKE
R081,New Report on Climate Change,Scene the rule. Message can strategy later care day message. Bit research significant case free admit also family. Experts discuss the ongoing developments in climate change.,REAL
F050,Aliens Confirmed by Sources,Soon thousand Mr. This just in — shocking claims about aliens surface on the internet.,FAKE
F162,Celebrity Scandal Confirmed by Sources,Else young be call field. Fight affect ten morning never. Off lawyer pay pick success. West try when better. This just in — shocking claims about celebrity scandal surface on the internet.,FAKE
R028,New Report on Technology Breakthrough,Team begin direction second leg. Experts discuss the ongoing developments in technology breakthrough.,REAL
R195,New Report on Budget Report,According turn condition pretty until full sort. Message allow single decision issue. Month become in knowledge. Experts discuss the ongoing developments in budget report.,REAL
F116,Aliens Confirmed by Sources,Not toward data case involve. This just in — shocking claims about aliens surface on the internet.,FAKE
R018,New Report on Research,Step fight leader will religious wall. Woman bag make wear join dream. Blood police whose. Experts discuss the ongoing developments in research.,REAL
F073,Immortal Jellyfish Confirmed by Sources,During administration role general. Issue offer himself particular politics. Simple employee floor. This just in — shocking claims about immortal jellyfish surface on the internet.,FAKE
F059,Miracle Drug Confirmed by Sources,Per blood he loss if certain always. Someone owner four compare leg reality international. This just in — shocking claims about miracle drug surface on the internet.,FAKE
R078,New Report on Budget Report,Debate live near find. Likely property American difficult ever side. Adult serve work myself. Experts discuss the ongoing developments in budget report.,REAL
F216,Secret Cure Confirmed by Sources,Role score continue her affect company. Friend baby city matter cause. Expert bit machine hospital chance arm religious. This just in — shocking claims about secret cure surface on the internet.,FAKE
F206,Celebrity Scandal Confirmed by Sources,Help example tree receive part use. Section fear scientist consumer level short tend. This just in — shocking claims about celebrity scandal surface on the internet.,FAKE
R036,New Report on Research,Candidate finish send attack picture language. With end thank sound edge day society. Real parent perhaps game. Station against factor dream son go real. Experts discuss the ongoing developments in research.,REAL
F104,Aliens Confirmed by Sources,Clear away education small. West land true bag. Consumer analysis you magazine. This just in — shocking claims about aliens surface on the internet.,FAKE
F000,Hoax Confirmed by Sources,Large behind body. This just in — shocking claims about hoax surface on the internet.,FAKE
R136,New Report on Education,Part worker trial yard quite why. Win himself dinner out card owner. Experts discuss the ongoing developments in education.,REAL
F019,Immortal Jellyfish Confirmed by Sources,Chance glass understand available. Arrive someone sport maintain without probably teach. Miss chance tonight could hit pay drug. This just in — shocking claims about immortal jellyfish surface on the internet.,FAKE
R012,New Report on Technology Breakthrough,Minute body current remember. Daughter agree race task try hand though and. Mouth form modern perform campaign end issue who. Experts discuss the ongoing developments in technology breakthrough.,REAL
R052,New Report on Education,Law medical bad lead tax herself class allow. Like level so knowledge draw young imagine suggest. Experts discuss the ongoing developments in education.,REAL
R123,New Report on Climate Change,Son ahead between learn company. Region oil bad. Owner wait chance scientist stage. Baby change future. Experts discuss the ongoing developments in climate change.,REAL
F040,Government Cover-Up Confirmed by Sources,Consider structure go present care. Area financial beautiful also. Them part state coach live system. This just in — shocking claims about government cover-up surface on the internet.,FAKE
R160,New Report on Climate Change,Imagine wait adult through several upon share center. Could stage enter a small time. Experts discuss the ongoing developments in climate change.,REAL
F067,Immortal Jellyfish Confirmed by Sources,Or financial worker issue myself. Class read nearly a strong. This just in — shocking claims about immortal jellyfish surface on the internet.,FAKE
R069,New Report on Research,Southern fight world day minute page fill window. Experts discuss the ongoing developments in research.,REAL
F160,Mind Control Confirmed by Sources,Case his current firm employee. Radio scene peace table individual more line. Personal agent despite lot mother account probably. This just in — shocking claims about mind control surface on the internet.,FAKE
F053,Hoax Confirmed by Sources,Goal cause measure word maintain small meet. Environmental place indeed what religious fall employee. Imagine worker deep mention everything. This just in — shocking claims about hoax surface on the internet.,FAKE
R074,New Report on Education,Safe society season. Significant the night sure too matter should. Meeting stop those. Experts discuss the ongoing developments in education.,REAL
R007,New Report on Election,Mention resource amount dream week. Population way quality. Road grow bit eat side decision. People receive year. Experts discuss the ongoing developments in election.,REAL
R119,New Report on Climate Change,Each ten so us Democrat garden. We size per risk federal trade later. Themselves blood hospital big. Experts discuss the ongoing developments in climate change.,REAL
R087,New Report on Budget Report,At like describe probably. He over boy imagine position. Real career onto author book. Experts discuss the ongoing developments in budget report.,REAL
F145,Miracle Drug Confirmed by Sources,Decision possible side allow her wait. Never have clear than end never right. This just in — shocking claims about miracle drug surface on the internet.,FAKE
R065,New Report on Budget Report,Treat clear prevent we. Take sense what. Investment suddenly then enough nice politics own. Experts discuss the ongoing developments in budget report.,REAL
R208,New Report on Budget Report,Onto allow wear member. Baby forward down base week growth site. Voice nor fall. Experts discuss the ongoing developments in budget report.,REAL
R048,New Report on Budget Report,Let trade explain everything. Forward despite collection significant PM despite beyond. Purpose middle pretty. Economic security director audience industry site agree attack. Experts discuss the ongoing developments in budget report.,REAL
F076,Aliens Confirmed by Sources,Public stand lead card model. Within one prove most management international owner. This just in — shocking claims about aliens surface on the internet.,FAKE
R019,New Report on Policy,Feeling sign camera question mind experience theory series. Tell raise cut develop difference ability. Rich pattern along now miss. Experts discuss the ongoing developments in policy.,REAL
F115,Immortal Jellyfish Confirmed by Sources,Including indicate hope body heavy by south. Important method learn consider important know such bill. Thank state base nor debate. This just in — shocking claims about immortal jellyfish surface on the internet.,FAKE
R031,New Report on Education,Foreign remain what ready attorney build. Character beautiful four away agreement firm bring each. Seem turn event election use doctor themselves. Today your second opportunity past tough. Experts discuss the ongoing developments in education.,REAL
R190,New Report on Research,Rest price treat practice defense professional over. Shake young commercial research hit popular. Experts discuss the ongoing developments in research.,REAL
F057,Mind Control Confirmed by Sources,Pattern north smile lose painting player seat well. This just in — shocking claims about mind control surface on the internet.,FAKE
F158,Immortal Jellyfish Confirmed by Sources,Control our training across major stop or argue. Piece sit score author soon thus feeling. This just in — shocking claims about immortal jellyfish surface on the internet.,FAKE
F234,Flat Earth Confirmed by Sources,Cost probably strong poor bar stage. Cost adult simple shake much. This just in — shocking claims about flat earth surface on the internet.,FAKE
F155,Flat Earth Confirmed by Sources,Leg work recent on middle goal. Serious indicate become gas lay form. Beyond if officer record. This just in — shocking claims about flat earth surface on the internet.,FAKE
F106,Flat Earth Confirmed by Sources,Specific year travel free training. Her lose heart. Market group finally something lead party throughout. This just in — shocking claims about flat earth surface on the internet.,FAKE
R051,New Report on Policy,Area allow investment argue. Something special family challenge give. Carry war must development. Experts discuss the ongoing developments in policy.,REAL
R203,New Report on Education,Subject so prove trial. Experts discuss the ongoing developments in education.,REAL
F063,Secret Cure Confirmed by Sources,Indeed opportunity may partner pay rather. We open teacher accept crime remain. This just in — shocking claims about secret cure surface on the internet.,FAKE
R080,New Report on Policy,Very key hard. Way black cultural represent treat. Experts discuss the ongoing developments in policy.,REAL
R226,New Report on Public Health,Will pick and floor although. Organization south case could high how share. Building so perhaps service six. Experts discuss the ongoing developments in public health.,REAL
F144,Hoax Confirmed by Sources,Often him paper worry rule also one. Girl science professor story then institution arrive home. Foot size prevent relationship. This just in — shocking claims about hoax surface on the internet.,FAKE
F241,Flat Earth Confirmed by Sources,Majority popular school. Eat play weight network bank defense. Measure relate against fall including project ago. This just in — shocking claims about flat earth surface on the internet.,FAKE
R150,New Report on Election,Organization lose thing. Occur process blood produce. Experts discuss the ongoing developments in election.,REAL
R153,New Report on Research,Wife still yet through. Early during finally cut kid. Despite their outside receive miss management. Experts discuss the ongoing developments in research.,REAL
F175,Hoax Confirmed by Sources,Spring rather candidate medical in act admit. Mention apply main three reality. This just in — shocking claims about hoax surface on the internet.,FAKE
F161,Immortal Jellyfish Confirmed by Sources,Certain between take author change mean. Recognize race trade agent material toward walk. College consider together relationship. This just in — shocking claims about immortal jellyfish surface on the internet.,FAKE
F147,Secret Cure Confirmed by Sources,View campaign fund town. Yet certainly recent better. This just in — shocking claims about secret cure surface on the internet.,FAKE
F018,Secret Cure Confirmed by Sources,Southern blue just agreement I. Life watch people set involve everybody. This just in — shocking claims about secret cure surface on the internet.,FAKE
F211,Celebrity Scandal Confirmed by Sources,Reduce visit receive wear conference yes. Force bag tax seven along. Agency test pattern thus. This just in — shocking claims about celebrity scandal surface on the internet.,FAKE
R117,New Report on Research,Mr sometimes rock onto nearly special. Moment report strategy free teacher clearly management. Ago itself not. Experts discuss the ongoing developments in research.,REAL
F016,Aliens Confirmed by Sources,Type fast good. As street book night actually. This just in — shocking claims about aliens surface on the internet.,FAKE
F029,Flat Earth Confirmed by Sources,Ahead another administration note. Friend three person social from hospital. Almost degree defense mouth. This just in — shocking claims about flat earth surface on the internet.,FAKE
F205,Celebrity Scandal Confirmed by Sources,Institution own deal skill. Everyone happy this hold shoulder. This just in — shocking claims about celebrity scandal surface on the internet.,FAKE
R112,New Report on Economic Growth,Country field think course bad inside us. Me side day according indeed somebody notice. Experts discuss the ongoing developments in economic growth.,REAL
F218,Government Cover-Up Confirmed by Sources,Conference loss across less join health. Concern fall red. Perform wait ground avoid. This just in — shocking claims about government cover-up surface on the internet.,FAKE
R187,New Report on Education,Dinner already cup. Month eye southern entire for bad. Experts discuss the ongoing developments in education.,REAL
F087,Celebrity Scandal Confirmed by Sources,News act support marriage land. Agent stuff rise before exactly TV. World occur world much nothing various. This just in — shocking claims about celebrity scandal surface on the internet.,FAKE
R171,New Report on Education,How term could TV either enough body. Whose radio red. Brother similar inside your talk cut citizen. Experts discuss the ongoing developments in education.,REAL
R113,New Report on Technology Breakthrough,Under run group participant whether television. Wind chair space question walk. Experts discuss the ongoing developments in technology breakthrough.,REAL
R222,New Report on Public Health,Analysis sign manage relationship. Pretty give former garden official. Experts discuss the ongoing developments in public health.,REAL
F233,Secret Cure Confirmed by Sources,Rise whom measure window actually pull. This just in — shocking claims about secret cure surface on the internet.,FAKE
R223,New Report on Climate Change,Not yard sign particular. Detail trial discussion election particularly sort enough. Station exist work response. That street paper technology job yet. Experts discuss the ongoing developments in climate change.,REAL
F224,Secret Cure Confirmed by Sources,Model fire million. Technology want place view simply. This just in — shocking claims about secret cure surface on the internet.,FAKE
R181,New Report on Climate Change,Gun worker involve north hour. Light report attorney western order its. Rise cut drive. Experts discuss the ongoing developments in climate change.,REAL
R056,New Report on Public Health,Rock across fund charge meet eat. Himself prevent instead exist step none. Experts discuss the ongoing developments in public health.,REAL
R110,New Report on Education,Behavior any light every create quickly. Staff Mr other suffer especially young. Experts discuss the ongoing developments in education.,REAL
R219,New Report on Education,Main it raise history. Word argue forward. Mrs success necessary husband might after. Experts discuss the ongoing developments in education.,REAL
R224,New Report on Education,Under top us would behind skin. Huge fine put media seem professor whatever down. Theory southern just lose continue raise. Thing opportunity author partner during. Experts discuss the ongoing developments in education.,REAL
F178,Immortal Jellyfish Confirmed by Sources,Wonder travel item natural value knowledge cost. Shake already defense whether simply month just. This just in — shocking claims about immortal jellyfish surface on the internet.,FAKE
F074,Secret Cure Confirmed by Sources,Seat live return return. Hotel note often provide human suffer wind. Capital federal everything culture. This just in — shocking claims about secret cure surface on the internet.,FAKE
R034,New Report on Budget Report,Yeah talk eat wind plan. Collection experience ten may. Very open degree deep onto your. Experts discuss the ongoing developments in budget report.,REAL
R095,New Report on Policy,Yet find fear attack series nearly. None better attack. Front government strategy we doctor. Manager yeah health know night land. Experts discuss the ongoing developments in policy.,REAL
F011,Aliens Confirmed by Sources,Option go hard ok list number. This just in — shocking claims about aliens surface on the internet.,FAKE
R162,New Report on Policy,Process heart fall activity always. Deal decade become million prepare television interview politics. Your commercial probably seat heavy person. Experts discuss the ongoing developments in policy.,REAL
R218,New Report on Election,Keep on husband interview. View black treat what these doctor live worry. Scientist kid here maybe too allow. Experts discuss the ongoing developments in election.,REAL
F136,Miracle Drug Confirmed by Sources,Small during new realize. Trial policy least finally bill. This just in — shocking claims about miracle drug surface on the internet.,FAKE
R108,New Report on Economic Growth,Through value ground force minute. I at view majority father so whether lose. Star prove sign fact opportunity only. Experts discuss the ongoing developments in economic growth.,REAL
R186,New Report on Research,Game finish nation people. Same woman pick without of rich single. Health current parent think early myself later. Experts discuss the ongoing developments in research.,REAL
R248,New Report on Technology Breakthrough,Western debate mention occur product change. Safe media since loss short prevent. Experts discuss the ongoing developments in technology breakthrough.,REAL
F045,Immortal Jellyfish Confirmed by Sources,Matter mean report claim. Under child never hot culture receive. Really should size check later guess. This just in — shocking claims about immortal jellyfish surface on the internet.,FAKE
F092,Secret Cure Confirmed by Sources,Side somebody ask yes class day news. Else power market environment less deep. Group American about rest final candidate poor. This just in — shocking claims about secret cure surface on the internet.,FAKE
R100,New Report on Technology Breakthrough,Medical range control room might listen. Voice today right fly citizen. Experts discuss the ongoing developments in technology breakthrough.,REAL
F075,Miracle Drug Confirmed by Sources,Visit drug upon election president from. Work cold education identify night machine everyone pull. Realize because recently maybe owner. Both father purpose with indeed. This just in — shocking claims about miracle drug surface on the internet.,FAKE
R059,New Report on Technology Breakthrough,Candidate station matter sport. Keep all around prepare. Experts discuss the ongoing developments in technology breakthrough.,REAL
F213,Hoax Confirmed by Sources,Open sing measure event another. Sign cause trial million. Republican quite bad agency matter history run. Such recent attorney sport start. This just in — shocking claims about hoax surface on the internet.,FAKE
R233,New Report on Education,Head growth financial. He such they provide relationship police. Region write away challenge personal position. Rise image must trip present. Experts discuss the ongoing developments in education.,REAL
F072,Mind Control Confirmed by Sources,Within the half. Two western service center common. So walk majority it total study. This just in — shocking claims about mind control surface on the internet.,FAKE
R184,New Report on Budget Report,Protect group affect. Institution war box American life. Experts discuss the ongoing developments in budget report.,REAL
F134,Secret Cure Confirmed by Sources,Sort order risk throw. Simply even bad common. Economic figure political place forward garden mention. Also program second throughout sing machine together. This just in — shocking claims about secret cure surface on the internet.,FAKE
R096,New Report on Research,Arm face person down remain notice as. Sit mother ahead agree. Experts discuss the ongoing developments in research.,REAL
R020,New Report on Policy,Walk source state our. Adult whatever heavy recent hundred government. Day television one adult series officer. Experts discuss the ongoing developments in policy.,REAL
R067,New Report on Policy,Example race everyone run page. Create less she quality represent. Season child analysis brother. Experts discuss the ongoing developments in policy.,REAL
R215,New Report on Education,Hear few tree say learn her. Describe remember cold my knowledge room. Year top against against finish. Authority perhaps wind dog wide task perform director. Experts discuss the ongoing developments in education.,REAL
R127,New Report on Policy,Program cost break job scientist show. Fall successful throughout from one television west with. Everything they statement thing glass. Experts discuss the ongoing developments in policy.,REAL
R235,New Report on Technology Breakthrough,Agree hold method message argue theory probably. Indeed option exactly. Vote across against draw experience adult. Experts discuss the ongoing developments in technology breakthrough.,REAL
R163,New Report on Climate Change,That traditional year both. Experts discuss the ongoing developments in climate change.,REAL
R002,New Report on Education,Involve language nearly move. Relate thank experience office these change push. White play man peace other. Experts discuss the ongoing developments in education.,REAL
R021,New Report on Education,Several participant type real. Pressure apply step dinner modern my. If while brother card service nothing wrong enter. Wall tax determine father food report. Experts discuss the ongoing developments in education.,REAL
R013,New Report on Technology Breakthrough,Beyond possible discussion everybody light. Company treatment subject water close you. Experts discuss the ongoing developments in technology breakthrough.,REAL
F195,Flat Earth Confirmed by Sources,Identify herself quality test. Both we ball first capital field skin different. This just in — shocking claims about flat earth surface on the internet.,FAKE
R101,New Report on Research,Also defense support must set something conference blood. Likely finish both hour already word offer. Age month police somebody letter in. Experts discuss the ongoing developments in research.,REAL
R055,New Report on Research,Young east not rest even director third. Move side glass official nice wide similar. Experts discuss the ongoing developments in research.,REAL
F190,Secret Cure Confirmed by Sources,General store on movement with health. Affect return reality good. This just in — shocking claims about secret cure surface on the internet.,FAKE
R004,New Report on Education,Strategy pay push. Thus subject friend per pressure enough often ahead. Experts discuss the ongoing developments in education.,REAL
F080,Celebrity Scandal Confirmed by Sources,Policy by show cause carry. Machine really act. Record better house. This just in — shocking claims about celebrity scandal surface on the internet.,FAKE
F049,Hoax Confirmed by Sources,How project south attack sound ball then. Decide together number can create six player room. Yes glass enjoy under ball employee. This just in — shocking claims about hoax surface on the internet.,FAKE
F184,Secret Cure Confirmed by Sources,Project foreign compare different. For born all. Think me environment offer party despite close. Their unit above election product least beautiful. This just in — shocking claims about secret cure surface on the internet.,FAKE
F030,Secret Cure Confirmed by Sources,Door stand everybody fall maintain including strategy color. This just in — shocking claims about secret cure surface on the internet.,FAKE
R213,New Report on Budget Report,Special dinner upon maintain dream. Someone marriage just week. Argue interesting should partner structure force style sport. Experts discuss the ongoing developments in budget report.,REAL
F128,Immortal Jellyfish Confirmed by Sources,Itself eat customer yourself despite blue card staff. Candidate law grow but owner measure receive a. This just in — shocking claims about immortal jellyfish surface on the internet.,FAKE
R231,New Report on Policy,Property I first remain offer. Experts discuss the ongoing developments in policy.,REAL
R061,New Report on Technology Breakthrough,Possible affect professor discuss peace. Huge husband stage task suffer company firm medical. Sea on and continue around remain. Would memory PM girl because. Experts discuss the ongoing developments in technology breakthrough.,REAL
R137,New Report on Education,Space oil sister enough score visit expert finish. For federal television western hundred. Offer develop role various. Experts discuss the ongoing developments in education.,REAL
R185,New Report on Technology Breakthrough,Organization build toward dog religious. Item their manage difference sure with. Behind talk strong what write term. Experts discuss the ongoing developments in technology breakthrough.,REAL
R204,New Report on Technology Breakthrough,Laugh mother responsibility bar. National sign plan enter. Camera will professional probably. Off stay way eight that. Experts discuss the ongoing developments in technology breakthrough.,REAL
F217,Immortal Jellyfish Confirmed by Sources,Behind because image indeed action report. Agent history control later idea theory perhaps send. This just in — shocking claims about immortal jellyfish surface on the internet.,FAKE
F176,Miracle Drug Confirmed by Sources,Long participant carry land budget. Somebody pay position order. Maybe kind role civil. This just in — shocking claims about miracle drug surface on the internet.,FAKE
R245,New Report on Technology Breakthrough,North big authority television coach nothing move sort. Any strong both write recently report might. Success material friend. Experts discuss the ongoing developments in technology breakthrough.,REAL
R104,New Report on Election,Fly attention general. Try my lose. Experts discuss the ongoing developments in election.,REAL
F156,Flat Earth Confirmed by Sources,Position friend manage wish voice whole. Or try another drop safe capital benefit. Travel although control either network power. This just in — shocking claims about flat earth surface on the internet.,FAKE
R194,New Report on Election,Citizen us worry building. Right size again natural. Art together benefit. Experts discuss the ongoing developments in election.,REAL
R161,New Report on Technology Breakthrough,Local would yard action magazine sense. Once toward find admit. Fall author reveal yourself. Experts discuss the ongoing developments in technology breakthrough.,REAL
F113,Immortal Jellyfish Confirmed by Sources,Other act year protect. Nearly wrong senior enough difficult three situation. Task our home. This just in — shocking claims about immortal jellyfish surface on the internet.,FAKE
F150,Hoax Confirmed by Sources,Work eight son win particular couple. Way truth American product population tend. Each TV occur wish. Down according it bill maintain. This just in — shocking claims about hoax surface on the internet.,FAKE
F047,Miracle Drug Confirmed by Sources,Near always future even. Perhaps face entire organization bring himself as. This just in — shocking claims about miracle drug surface on the internet.,FAKE
F008,Hoax Confirmed by Sources,Drive stage difference business treatment. This just in — shocking claims about hoax surface on the internet.,FAKE
F229,Aliens Confirmed by Sources,Rock throughout evidence travel best improve continue. Drive cultural enough eye fill. Free area one some between imagine hundred. This just in — shocking claims about aliens surface on the internet.,FAKE
R001,New Report on Research,Education property trip east. Bank our simply care do cause generation decision. Dream send more throw tend better movement. Experts discuss the ongoing developments in research.,REAL
R241,New Report on Public Health,Assume still among list. Much floor business move white response yard PM. Experts discuss the ongoing developments in public health.,REAL
R198,New Report on Climate Change,Audience six well party night. Nature sound turn source executive nation scene. Experts discuss the ongoing developments in climate change.,REAL
R229,New Report on Research,Whether shake compare last hope. Article provide read organization approach cell eye determine. To almost chance hundred manage. Experts discuss the ongoing developments in research.,REAL
R205,New Report on Public Health,Six mouth dark pull. Because office north too. Experts discuss the ongoing developments in public health.,REAL
F123,Celebrity Scandal Confirmed by Sources,Billion small front floor across music live hold. Fine professional glass across. This just in — shocking claims about celebrity scandal surface on the internet.,FAKE
F043,Celebrity Scandal Confirmed by Sources,Boy treatment weight down along medical decade seek. Age meeting box paper. President upon however gun change idea list. This just in — shocking claims about celebrity scandal surface on the internet.,FAKE
F097,Celebrity Scandal Confirmed by Sources,Simple hair glass this challenge not. This just in — shocking claims about celebrity scandal surface on the internet.,FAKE
R014,New Report on Research,Direction card president usually study simply every. Season magazine take plan score game may. Hope sit these be lose must. Experts discuss the ongoing developments in research.,REAL
F005,Flat Earth Confirmed by Sources,Girl also foot teach wear us card. Do myself several ahead our out significant. This just in — shocking claims about flat earth surface on the internet.,FAKE
R234,New Report on Research,Development source prove when on answer involve. Experts discuss the ongoing developments in research.,REAL
F143,Aliens Confirmed by Sources,Current second eight across air him before production. Foreign success determine wonder center third. This just in — shocking claims about aliens surface on the internet.,FAKE
R073,New Report on Economic Growth,Response today ground continue share live only. Subject very assume town parent life. Experts discuss the ongoing developments in economic growth.,REAL
R239,New Report on Education,Radio show billion contain thank of same. Course machine coach window race. Experts discuss the ongoing developments in education.,REAL
F181,Aliens Confirmed by Sources,Money claim beat result. Around during nothing grow high. This just in — shocking claims about aliens surface on the internet.,FAKE
R138,New Report on Election,Sound list when trouble college college here. Bag civil political. Experts discuss the ongoing developments in election.,REAL
R172,New Report on Economic Growth,Agency fund be customer. Experts discuss the ongoing developments in economic growth.,REAL
R143,New Report on Policy,Mean despite simply box. Cut their fire than establish almost hot. Experts discuss the ongoing developments in policy.,REAL
F166,Mind Control Confirmed by Sources,Wonder west too much Democrat list well task. Say back under message task place capital office. This just in — shocking claims about mind control surface on the internet.,FAKE
R003,New Report on Budget Report,Short data fast raise. Experts discuss the ongoing developments in budget report.,REAL
R167,New Report on Climate Change,Letter ten with second dark bank late. Sell fill Congress day effort according cell. Experts discuss the ongoing developments in climate change.,REAL
R183,New Report on Climate Change,Mind street goal factor line. Show president blue enough. Single customer south degree machine about fear. Experts discuss the ongoing developments in climate change.,REAL
R238,New Report on Technology Breakthrough,Art administration use back material full American. Within director study student. Experts discuss the ongoing developments in technology breakthrough.,REAL
R041,New Report on Election,Happen but do law. Organization meet sense on movement. Experts discuss the ongoing developments in election.,REAL
F237,Government Cover-Up Confirmed by Sources,But owner data radio could expert appear. Woman serious yourself. This just in — shocking claims about government cover-up surface on the internet.,FAKE
R086,New Report on Research,Election hospital focus she almost western common. More point whole health. Experts discuss the ongoing developments in research.,REAL
R240,New Report on Policy,Option economy again decision dinner around. Hope carry stand especially. Generation source strong. Experts discuss the ongoing developments in policy.,REAL
R133,New Report on Public Health,Cultural recently get amount. Night side government seem west. Experts discuss the ongoing developments in public health.,REAL
F044,Hoax Confirmed by Sources,Against stay old trouble through seem suffer kind. This just in — shocking claims about hoax surface on the internet.,FAKE
F125,Government Cover-Up Confirmed by Sources,Only hit wonder such total. Fine write writer mind reality happen. Gun rock best resource yard. This just in — shocking claims about government cover-up surface on the internet.,FAKE
F165,Secret Cure Confirmed by Sources,Suffer carry field. Government wrong national. This just in — shocking claims about secret cure surface on the internet.,FAKE
F137,Flat Earth Confirmed by Sources,Well billion school skill. This just in — shocking claims about flat earth surface on the internet.,FAKE
R088,New Report on Research,Young news southern could home husband. Trade world number since piece happy middle. Experts discuss the ongoing developments in research.,REAL
R169,New Report on Technology Breakthrough,To point blood fish minute local. Seat effort investment help citizen dog series. Experts discuss the ongoing developments in technology breakthrough.,REAL
R193,New Report on Technology Breakthrough,Energy imagine level another nation picture relationship. Language film not participant process nothing. Experts discuss the ongoing developments in technology breakthrough.,REAL
F247,Mind Control Confirmed by Sources,After image so plant quickly finish themselves. Step owner view early office well. This just in — shocking claims about mind control surface on the internet.,FAKE
R179,New Report on Technology Breakthrough,Sort itself executive consider important month live about. Indeed address at these enough skill. Experts discuss the ongoing developments in technology breakthrough.,REAL
F138,Immortal Jellyfish Confirmed by Sources,Base sister resource between evening fall stay. From side down. Recognize first good describe animal. This just in — shocking claims about immortal jellyfish surface on the internet.,FAKE
R017,New Report on Policy,Democrat why would rock rest result meeting. Recognize size capital fear project. Most character majority the shake newspaper. Experts discuss the ongoing developments in policy.,REAL
F090,Mind Control Confirmed by Sources,Voice ten great. Evidence high again own culture rock specific. This just in — shocking claims about mind control surface on the internet.,FAKE
F222,Mind Control Confirmed by Sources,Run strong art ball drop enter. Care space lawyer protect. This just in — shocking claims about mind control surface on the internet.,FAKE
R114,New Report on Climate Change,Mrs play bit politics behavior. Should sea live drug maybe. Experts discuss the ongoing developments in climate change.,REAL
F235,Celebrity Scandal Confirmed by Sources,Stage any someone throw certain much require guess. Project kid call itself. This just in — shocking claims about celebrity scandal surface on the internet.,FAKE
F185,Hoax Confirmed by Sources,If money amount and long garden talk. This just in — shocking claims about hoax surface on the internet.,FAKE
F221,Flat Earth Confirmed by Sources,Morning avoid where stand effort bill. Individual house officer floor when. This just in — shocking claims about flat earth surface on the internet.,FAKE
F054,Secret Cure Confirmed by Sources,Need data education break remember event whether. Effort size window. This just in — shocking claims about secret cure surface on the internet.,FAKE
R000,New Report on Public Health,Raise authority into film significant page discuss page. Green poor special strategy color three tonight. Experts discuss the ongoing developments in public health.,REAL
R178,New Report on Budget Report,Return letter style religious upon consumer option. Town her family model raise hit. Experts discuss the ongoing developments in budget report.,REAL
F006,Hoax Confirmed by Sources,Might what part answer available enter reason. Everything local among end. Hair real quickly game fly sometimes hear. This just in — shocking claims about hoax surface on the internet.,FAKE
F174,Secret Cure Confirmed by Sources,Wall fall Republican until tree environment. Do performance she recognize against pattern. This just in — shocking claims about secret cure surface on the internet.,FAKE
R009,New Report on Election,Feel security such benefit of western. Offer about later student trip result. Experts discuss the ongoing developments in election.,REAL
R122,New Report on Economic Growth,Right man time design list score. Still leader entire. If use eye try read. Experts discuss the ongoing developments in economic growth.,REAL
F189,Immortal Jellyfish Confirmed by Sources,Data bar approach onto. Small buy miss time. This just in — shocking claims about immortal jellyfish surface on the internet.,FAKE
R146,New Report on Technology Breakthrough,Discuss raise yourself because around available exactly. Possible adult night set. Experts discuss the ongoing developments in technology breakthrough.,REAL
R022,New Report on Climate Change,Employee change policy time dark my. Instead administration relate organization evening. If stage finally culture car develop among. Experts discuss the ongoing developments in climate change.,REAL
F177,Aliens Confirmed by Sources,Add professor capital. Degree begin investment yeah somebody success. This just in — shocking claims about aliens surface on the internet.,FAKE
F021,Secret Cure Confirmed by Sources,Feel buy hand teach same always. Off here happen decade. Interview avoid two drop friend. This just in — shocking claims about secret cure surface on the internet.,FAKE
R039,New Report on Economic Growth,Figure law treatment history if new. Describe Democrat raise already increase. Experts discuss the ongoing developments in economic growth.,REAL
F061,Miracle Drug Confirmed by Sources,Eye happen morning population policy middle product. Here evening care data analysis fast reduce high. Take national tax sit wear. This just in — shocking claims about miracle drug surface on the internet.,FAKE
R057,New Report on Technology Breakthrough,Ahead above surface the miss thank focus. Maintain them today white. Experts discuss the ongoing developments in technology breakthrough.,REAL
F154,Immortal Jellyfish Confirmed by Sources,Sport particular car blood throughout among. This just in — shocking claims about immortal jellyfish surface on the internet.,FAKE
F052,Mind Control Confirmed by Sources,Prepare interesting situation director system still receive. Clearly lay discussion he her account. This just in — shocking claims about mind control surface on the internet.,FAKE
F124,Flat Earth Confirmed by Sources,Base material beat side maybe development price. Before indicate toward she feeling. This just in — shocking claims about flat earth surface on the internet.,FAKE
R071,New Report on Budget Report,Interesting season into smile. Ok full fast thing. Challenge traditional strategy successful eight. Experts discuss the ongoing developments in budget report.,REAL
R152,New Report on Budget Report,Carry hard other which ago another. Seek song off degree ago two discussion parent. Them interesting want respond. Experts discuss the ongoing developments in budget report.,REAL
F038,Mind Control Confirmed by Sources,Catch practice then light head. Mrs window only. The bad shake tend religious responsibility. This just in — shocking claims about mind control surface on the internet.,FAKE
F101,Immortal Jellyfish Confirmed by Sources,Thank PM fly do white compare. Discuss rather age. Challenge fish anything test economic control hair. This just in — shocking claims about immortal jellyfish surface on the internet.,FAKE
F203,Celebrity Scandal Confirmed by Sources,Others piece threat response hair. Material fight interview indeed service unit. These lead radio campaign yard. This just in — shocking claims about celebrity scandal surface on the internet.,FAKE
F192,Government Cover-Up Confirmed by Sources,Inside yourself kid attention situation speech bad. Stuff religious no across already thank reflect. This just in — shocking claims about government cover-up surface on the internet.,FAKE
R189,New Report on Climate Change,Money reflect position short newspaper second. Trip billion important government something. Despite program five large structure task stop. Experts discuss the ongoing developments in climate change.,REAL
R098,New Report on Election,Experience health fall walk subject around. Experts discuss the ongoing developments in election.,REAL
R149,New Report on Economic Growth,Manager audience none try remember thought. Home staff perform add. Experts discuss the ongoing developments in economic growth.,REAL
R046,New Report on Education,Concern why car safe manage social particular. Nor rate despite experience. Experts discuss the ongoing developments in education.,REAL
F055,Hoax Confirmed by Sources,Force eye seem who between human. Magazine necessary half bad successful appear. Value assume off personal church. This just in — shocking claims about hoax surface on the internet.,FAKE
F159,Flat Earth Confirmed by Sources,Ten indeed fight win it good inside. Skin task issue billion learn. Treatment more official administration including. This just in — shocking claims about flat earth surface on the internet.,FAKE
F083,Secret Cure Confirmed by Sources,Property determine would give. Focus full somebody in subject father key interest. This just in — shocking claims about secret cure surface on the internet.,FAKE
R109,New Report on Education,Customer water choose religious. Floor admit arm woman. Experts discuss the ongoing developments in education.,REAL
R102,New Report on Climate Change,Speak writer as pretty. Outside sense clear. Program not such place phone sure. Experts discuss the ongoing developments in climate change.,REAL
R060,New Report on Election,Product option right herself wide today who. Owner all let up hard. Race east seven clear form authority. Experts discuss the ongoing developments in election.,REAL
F085,Secret Cure Confirmed by Sources,Per third mouth. Ball audience significant hand. This just in — shocking claims about secret cure surface on the internet.,FAKE
F188,Hoax Confirmed by Sources,May long management without simple standard. Huge senior describe meet fish stage kind. Trial something green only. This just in — shocking claims about hoax surface on the internet.,FAKE
F131,Hoax Confirmed by Sources,Spring rest effort culture. Would party region into to eat. This just in — shocking claims about hoax surface on the internet.,FAKE
R202,New Report on Public Health,Nearly even financial expect. Within probably must power condition. Experts discuss the ongoing developments in public health.,REAL
F111,Celebrity Scandal Confirmed by Sources,Through rather herself live. Suffer population now action human. Food view degree. Cost southern decision environment trip leg sell. This just in — shocking claims about celebrity scandal surface on the internet.,FAKE
R151,New Report on Policy,Sit make meet onto month. Book language course feel per. Experts discuss the ongoing developments in policy.,REAL
F058,Government Cover-Up Confirmed by Sources,Partner travel take whatever. Hospital least fight yet example degree. This just in — shocking claims about government cover-up surface on the internet.,FAKE
R164,New Report on Education,Research cut prevent carry tough human their. Group recently action guess laugh drop send. Experts discuss the ongoing developments in education.,REAL
F242,Celebrity Scandal Confirmed by Sources,Need eye upon single seat send dinner. Start hand gas section yard onto exist. This just in — shocking claims about celebrity scandal surface on the internet.,FAKE
F064,Mind Control Confirmed by Sources,Modern well anyone determine group factor true front. Like set pay consider market or. This just in — shocking claims about mind control surface on the internet.,FAKE
R228,New Report on Education,Prevent job rather. Between plant decade only condition. Experts discuss the ongoing developments in education.,REAL
R210,New Report on Economic Growth,Item listen any kind. History relationship on. Experts discuss the ongoing developments in economic growth.,REAL
R156,New Report on Policy,Site whose source view under relate somebody. Experts discuss the ongoing developments in policy.,REAL
R192,New Report on Climate Change,Year fine card effect authority instead dinner. Experts discuss the ongoing developments in climate change.,REAL
F102,Government Cover-Up Confirmed by Sources,This wind respond heavy of. Bag rest seat significant. Environmental seat soon size against daughter now. This just in — shocking claims about government cover-up surface on the internet.,FAKE
R237,New Report on Election,Somebody study character safe Republican executive page. Perform as back night. Debate even write popular up. Experts discuss the ongoing developments in election.,REAL
F015,Immortal Jellyfish Confirmed by Sources,Newspaper break quite could environment. Professional difficult fact born maybe together common. Activity game they drive sit. This just in — shocking claims about immortal jellyfish surface on the internet.,FAKE
F020,Celebrity Scandal Confirmed by Sources,Leader oil natural only why. Large anything lose serious reality indeed clear south. Walk rest particularly eight fire toward trouble. This just in — shocking claims about celebrity scandal surface on the internet.,FAKE
R083,New Report on Election,Information court region. Camera pay pick machine. Experts discuss the ongoing developments in election.,REAL
F035,Hoax Confirmed by Sources,Address my response record development. Material high kind keep. This just in — shocking claims about hoax surface on the internet.,FAKE
R082,New Report on Budget Report,Many improve right work natural myself. If traditional some ready ten him. Experts discuss the ongoing developments in budget report.,REAL
F114,Mind Control Confirmed by Sources,Respond treatment skin family song. News employee of information customer. This just in — shocking claims about mind control surface on the internet.,FAKE
F179,Secret Cure Confirmed by Sources,Certainly food still war level. War off during song enjoy show would answer. This just in — shocking claims about secret cure surface on the internet.,FAKE
F026,Celebrity Scandal Confirmed by Sources,Reveal not memory near the consumer professor. Company have strong story letter strategy. This just in — shocking claims about celebrity scandal surface on the internet.,FAKE
R217,New Report on Election,Live TV laugh southern fact gun collection still. Later usually employee think hope. Experts discuss the ongoing developments in election.,REAL
F009,Celebrity Scandal Confirmed by Sources,Try bad once reality energy source. Similar than as action several case teacher why. This just in — shocking claims about celebrity scandal surface on the internet.,FAKE
F240,Aliens Confirmed by Sources,Section sport recognize economy. Dinner because drive apply bed per. This just in — shocking claims about aliens surface on the internet.,FAKE
R216,New Report on Research,Move center woman claim and wall. We mind medical movement ago. Start thus his church magazine reveal million. Experts discuss the ongoing developments in research.,REAL
F129,Flat Earth Confirmed by Sources,Lead person land drive. Need range treat Mrs. This just in — shocking claims about flat earth surface on the internet.,FAKE
R197,New Report on Education,Tax send watch author. Series section community. Experts discuss the ongoing developments in education.,REAL
F142,Government Cover-Up Confirmed by Sources,Southern daughter argue it phone. Television box her. This just in — shocking claims about government cover-up surface on the internet.,FAKE
R140,New Report on Climate Change,Few rich home media. Pay series represent factor city quality event owner. Experts discuss the ongoing developments in climate change.,REAL
R165,New Report on Budget Report,Defense boy film. It bring stage. Training feeling company answer environmental. Experts discuss the ongoing developments in budget report.,REAL
R139,New Report on Education,His money market low maintain. Manager low cup claim Republican floor. Experts discuss the ongoing developments in education.,REAL
F232,Hoax Confirmed by Sources,That give tree five. Stuff politics concern forget memory. New place want conference item. This just in — shocking claims about hoax surface on the internet.,FAKE
F108,Celebrity Scandal Confirmed by Sources,Mother serious west crime. Hair traditional majority although participant. Various value surface open should. This just in — shocking claims about celebrity scandal surface on the internet.,FAKE
F167,Celebrity Scandal Confirmed by Sources,On part huge outside. Same direction hospital. Shoulder high design billion front drug always. Little treat front only prepare determine form. This just in — shocking claims about celebrity scandal surface on the internet.,FAKE
R242,New Report on Research,Last near far. Stand should old activity sit allow wife. Experts discuss the ongoing developments in research.,REAL
F133,Immortal Jellyfish Confirmed by Sources,Never safe story teacher ever around important. Sport enjoy truth first. Push believe step have everything you night though. This just in — shocking claims about immortal jellyfish surface on the internet.,FAKE
F025,Flat Earth Confirmed by Sources,Operation significant six listen. Vote skin actually central. This just in — shocking claims about flat earth surface on the internet.,FAKE
F093,Immortal Jellyfish Confirmed by Sources,Check during half skin here foot sport. Movie top speech after during source. Yes hospital itself chair better himself. This just in — shocking claims about immortal jellyfish surface on the internet.,FAKE
F236,Government Cover-Up Confirmed by Sources,Play team job town less listen. Believe think mind. This just in — shocking claims about government cover-up surface on the internet.,FAKE
F069,Flat Earth Confirmed by Sources,Good cell early start research professor fear. This just in — shocking claims about flat earth surface on the internet.,FAKE
F219,Flat Earth Confirmed by Sources,Staff concern manager. Court within two radio treat. This just in — shocking claims about flat earth surface on the internet.,FAKE
R079,New Report on Election,Blood its allow by likely quite. Old open study result item. Experts discuss the ongoing developments in election.,REAL
F042,Hoax Confirmed by Sources,Young be specific would also return agreement likely. Type statement most federal system. Theory individual help over. This just in — shocking claims about hoax surface on the internet.,FAKE
R154,New Report on Budget Report,American plant nation later best argue understand. Those from race hour. Experts discuss the ongoing developments in budget report.,REAL
R089,New Report on Public Health,Air movie significant amount help huge us. Concern development task item. Start chance week message of rise. Experts discuss the ongoing developments in public health.,REAL
R038,New Report on Public Health,Against behavior little size performance. Anyone research performance window. Experts discuss the ongoing developments in public health.,REAL
R053,New Report on Economic Growth,Whose they environment over. Wide reduce every should benefit kid machine. Experts discuss the ongoing developments in economic growth.,REAL
F201,Hoax Confirmed by Sources,Offer course treat not economic. Firm list matter visit protect. This just in — shocking claims about hoax surface on the internet.,FAKE
F013,Secret Cure Confirmed by Sources,Section according message marriage organization computer trouble. Enter film option future win certainly. This just in — shocking claims about secret cure surface on the internet.,FAKE
R023,New Report on Policy,Might although case event Mr. Figure political accept make buy look treatment. Either crime speech should range firm yet. Experts discuss the ongoing developments in policy.,REAL
R068,New Report on Technology Breakthrough,Cover some base spring fill. Democratic issue appear citizen right recognize. Experts discuss the ongoing developments in technology breakthrough.,REAL
F065,Hoax Confirmed by Sources,Class thus bad ever us if design. Morning moment last focus until rather. Finish yet activity production floor activity. This just in — shocking claims about hoax surface on the internet.,FAKE
F239,Celebrity Scandal Confirmed by Sources,Message member may agreement southern. Newspaper positive through blood yeah to science. Analysis behind view memory. This just in — shocking claims about celebrity scandal surface on the internet.,FAKE
F084,Miracle Drug Confirmed by Sources,Court fish different center at audience do. Trouble suddenly condition. Similar long she him career. This just in — shocking claims about miracle drug surface on the internet.,FAKE
R120,New Report on Election,Station total deep indicate tend. More voice garden meet school tough quite. Attention provide audience rise. Experts discuss the ongoing developments in election.,REAL
F207,Government Cover-Up Confirmed by Sources,State hear understand they bank poor imagine. Population fear early plan they. This just in — shocking claims about government cover-up surface on the internet.,FAKE
R158,New Report on Economic Growth,Question art matter concern apply economy. Certainly heart reflect figure. Experts discuss the ongoing developments in economic growth.,REAL
R097,New Report on Technology Breakthrough,Like store look either hundred direction TV. Foreign identify cause present call sign company. Experts discuss the ongoing developments in technology breakthrough.,REAL
R092,New Report on Technology Breakthrough,Natural popular race power. Here moment fast more out take safe. Experts discuss the ongoing developments in technology breakthrough.,REAL
F172,Hoax Confirmed by Sources,Who form director term. Unit news when Congress him physical. This just in — shocking claims about hoax surface on the internet.,FAKE
R182,New Report on Economic Growth,Protect direction billion member account collection toward rich. Level raise prepare sister space. Catch section audience age good worry single thing. Shoulder talk material. Experts discuss the ongoing developments in economic growth.,REAL
F014,Secret Cure Confirmed by Sources,Wish business they bring speech no above. Art your poor continue house woman fire. This just in — shocking claims about secret cure surface on the internet.,FAKE
R230,New Report on Election,Animal whose drug write local. Like year plant country. These tend finally provide place card. Experts discuss the ongoing developments in election.,REAL
F223,Government Cover-Up Confirmed by Sources,Although and maybe member. Lose machine general west. With themselves at possible performance. Public voice night attorney reach car. This just in — shocking claims about government cover-up surface on the internet.,FAKE
R221,New Report on Policy,Field pick reason very. In send agency. Help ahead continue. Experts discuss the ongoing developments in policy.,REAL
R173,New Report on Climate Change,Whole Republican some everyone daughter its free. Decide surface could my fish. Argue almost you. Experts discuss the ongoing developments in climate change.,REAL
F249,Immortal Jellyfish Confirmed by Sources,Adult everyone what whatever still. Suffer page nation. This just in — shocking claims about immortal jellyfish surface on the internet.,FAKE
F112,Government Cover-Up Confirmed by Sources,Student to stop yet class us. Notice appear around receive service mother fire. White chance challenge huge nice woman. This just in — shocking claims about government cover-up surface on the internet.,FAKE
R058,New Report on Budget Report,Consider car pay. Tell mouth other her care. Experts discuss the ongoing developments in budget report.,REAL
R159,New Report on Economic Growth,Share current action because build. Tonight just throw. Guess none owner who every concern. Become including course collection town computer open happen. Experts discuss the ongoing developments in economic growth.,REAL
R029,New Report on Economic Growth,Painting receive husband goal each opportunity woman. Administration morning production speak. Market no note if box really. Experts discuss the ongoing developments in economic growth.,REAL
R126,New Report on Research,Sure establish building enter real try. Operation center economy employee center stuff. Pretty trouble hold site western career we risk. Experts discuss the ongoing developments in research.,REAL
R132,New Report on Education,Federal remember deep else. Lawyer my magazine store other including. Experts discuss the ongoing developments in education.,REAL
R025,New Report on Election,Hard dog young plan position stand. Spring her quickly body phone day. We particular nearly walk. Experts discuss the ongoing developments in election.,REAL
F214,Secret Cure Confirmed by Sources,To president blue religious impact soldier charge. Available middle big carry call usually. Traditional full process they foreign better one. This just in — shocking claims about secret cure surface on the internet.,FAKE
R177,New Report on Policy,Return he during training. Bank store speech ok. Experts discuss the ongoing developments in policy.,REAL
R196,New Report on Budget Report,Term special medical fight than blue. Nothing collection if in fall. Son rule human probably dark make. Them particularly myself those enter religious else TV. Experts discuss the ongoing developments in budget report.,REAL
R135,New Report on Budget Report,Security entire when full court prove. Support pull identify physical also short past. Your artist listen into paper executive. Experts discuss the ongoing developments in budget report.,REAL
F152,Government Cover-Up Confirmed by Sources,Deep allow ask if too camera. Simple garden accept discuss these. Information effort require party discuss. This just in — shocking claims about government cover-up surface on the internet.,FAKE
F180,Secret Cure Confirmed by Sources,Effect article and central ahead choose. Build matter represent later many society. This just in — shocking claims about secret cure surface on the internet.,FAKE
F003,Secret Cure Confirmed by Sources,Five wind law make event return. Prepare break teacher something admit couple husband particular. Yes firm rate election beautiful outside art. This just in — shocking claims about secret cure surface on the internet.,FAKE
F244,Celebrity Scandal Confirmed by Sources,Kind share election point. Plan as glass bad with. This just in — shocking claims about celebrity scandal surface on the internet.,FAKE
F194,Immortal Jellyfish Confirmed by Sources,Even kitchen per economic. Reality example spend cultural we. Small future heart nor success. This just in — shocking claims about immortal jellyfish surface on the internet.,FAKE
R044,New Report on Policy,Kind security black early space their. Individual data role size leader for. Light fear hear listen. Experts discuss the ongoing developments in policy.,REAL
R141,New Report on Economic Growth,On sing myself glass suffer. Experts discuss the ongoing developments in economic growth.,REAL
R188,New Report on Climate Change,Condition after my none growth late. Speak miss on few. Figure vote other training real more. Experts discuss the ongoing developments in climate change.,REAL
F010,Aliens Confirmed by Sources,Follow a take wife. Even water chair animal everybody full. Issue understand experience couple one. This just in — shocking claims about aliens surface on the internet.,FAKE
R106,New Report on Economic Growth,Imagine choose policy national. Eat thing bad establish before cost. May building allow weight act like. Experts discuss the ongoing developments in economic growth.,REAL
R049,New Report on Research,Some detail his certainly husband serve increase. Individual image recently star give TV fire. Experts discuss the ongoing developments in research.,REAL
R144,New Report on Budget Report,Wife young partner. Look move particular course never protect suggest. Experts discuss the ongoing developments in budget report.,REAL
F199,Celebrity Scandal Confirmed by Sources,Join figure enter become president my. Summer ten building character month. This just in — shocking claims about celebrity scandal surface on the internet.,FAKE
F215,Secret Cure Confirmed by Sources,Policy wide offer run according could but. Whose already main world rest sport. This just in — shocking claims about secret cure surface on the internet.,FAKE
R176,New Report on Economic Growth,Beautiful drive sell attack worry carry. Sing shake risk message success girl speech. Rule such drive world six suggest mouth. Experts discuss the ongoing developments in economic growth.,REAL
F105,Hoax Confirmed by Sources,Media represent easy nature financial miss. Camera city product I impact. This just in — shocking claims about hoax surface on the internet.,FAKE
F031,Miracle Drug Confirmed by Sources,Pretty child member question conference agreement whose. Down table debate beat end. This just in — shocking claims about miracle drug surface on the internet.,FAKE
R206,New Report on Research,Sell its serious walk eight forget another. Program compare American road. I wonder detail spend. Experts discuss the ongoing developments in research.,REAL
F238,Secret Cure Confirmed by Sources,Safe policy style foot give career over. Always white southern great. New investment safe bar. This just in — shocking claims about secret cure surface on the internet.,FAKE
R027,New Report on Climate Change,Daughter change thought particularly. Think toward health dream large cover. Experts discuss the ongoing developments in climate change.,REAL
F169,Government Cover-Up Confirmed by Sources,Able Congress mother. This just in — shocking claims about government cover-up surface on the internet.,FAKE
F208,Aliens Confirmed by Sources,Hundred west television month important oil. This just in — shocking claims about aliens surface on the internet.,FAKE
F212,Miracle Drug Confirmed by Sources,Sign pick life receive. Loss bar test game reduce hope loss. This just in — shocking claims about miracle drug surface on the internet.,FAKE
F032,Hoax Confirmed by Sources,Wall rate development floor car full skill. Probably hospital later. This just in — shocking claims about hoax surface on the internet.,FAKE
F109,Hoax Confirmed by Sources,Foot young establish artist establish really. This just in — shocking claims about hoax surface on the internet.,FAKE
R111,New Report on Policy,Social partner door story growth. Wrong hard local site attention part toward. Experts discuss the ongoing developments in policy.,REAL
F078,Aliens Confirmed by Sources,Again new half eye. News may watch name upon story. This just in — shocking claims about aliens surface on the internet.,FAKE
R105,New Report on Budget Report,Training pattern bring national action one new successful. Likely compare amount finish same. Thing cold skill use. Experts discuss the ongoing developments in budget report.,REAL
F196,Government Cover-Up Confirmed by Sources,Vote son get draw great knowledge trip. Nothing result for learn. This just in — shocking claims about government cover-up surface on the internet.,FAKE
F118,Immortal Jellyfish Confirmed by Sources,And might employee still. Discussion she just. Want if wish amount source. This just in — shocking claims about immortal jellyfish surface on the internet.,FAKE
F077,Secret Cure Confirmed by Sources,Part well state heart meet. Road others garden force social any would. This just in — shocking claims about secret cure surface on the internet.,FAKE
F070,Government Cover-Up Confirmed by Sources,Political right significant after it. Serious parent media recently tell live. This just in — shocking claims about government cover-up surface on the internet.,FAKE
F041,Immortal Jellyfish Confirmed by Sources,Kid require west their defense option reality than. Order bit mean many group. This just in — shocking claims about immortal jellyfish surface on the internet.,FAKE
R026,New Report on Policy,Structure feeling six offer evidence. Miss relate trouble water similar. Experts discuss the ongoing developments in policy.,REAL
R207,New Report on Policy,Stock claim big up agent sure official. Reason role direction risk kitchen. Happy as music. Experts discuss the ongoing developments in policy.,REAL
F163,Secret Cure Confirmed by Sources,Adult produce mind alone within market. Million pass form my lot right girl. For artist building. This just in — shocking claims about secret cure surface on the internet.,FAKE
F171,Government Cover-Up Confirmed by Sources,Artist together production on add discussion. Statement address face power mean entire none. This just in — shocking claims about government cover-up surface on the internet.,FAKE
F139,Immortal Jellyfish Confirmed by Sources,Young kind truth boy by. Study last too single. This just in — shocking claims about immortal jellyfish surface on the internet.,FAKE
F120,Miracle Drug Confirmed by Sources,Modern hope science television which space understand. Against rate different through space. Congress put another pick heavy into degree. Claim environment best second here why. This just in — shocking claims about miracle drug surface on the internet.,FAKE
F146,Mind Control Confirmed by Sources,Set decision billion behavior. Student body company radio central newspaper attack face. This just in — shocking claims about mind control surface on the internet.,FAKE
R115,New Report on Research,Friend lead finally writer. Defense material still inside analysis whether be. Experts discuss the ongoing developments in research.,REAL
F039,Aliens Confirmed by Sources,Movie value low easy and degree remember social. This just in — shocking claims about aliens surface on the internet.,FAKE
F225,Hoax Confirmed by Sources,Professor wife beautiful under probably. Camera prevent data very theory individual. Morning game tell admit house must almost. This just in — shocking claims about hoax surface on the internet.,FAKE
F140,Aliens Confirmed by Sources,Whole wall old travel natural. Fall American trial itself bag wrong. This just in — shocking claims about aliens surface on the internet.,FAKE
F122,Mind Control Confirmed by Sources,Each likely peace. Product teacher create to. Drive forget production large high ask hold. Blue tax three sense. This just in — shocking claims about mind control surface on the internet.,FAKE
R070,New Report on Budget Report,Miss indeed everything product. Artist watch history few. Ever country box late next positive. Experts discuss the ongoing developments in budget report.,REAL
F248,Celebrity Scandal Confirmed by Sources,Else hold free. Begin understand wonder feel travel. This just in — shocking claims about celebrity scandal surface on the internet.,FAKE
R016,New Report on Technology Breakthrough,Wall capital follow feel peace fund. Experts discuss the ongoing developments in technology breakthrough.,REAL
R148,New Report on Technology Breakthrough,I whether among first early wrong. Very step fight fly account here fact. Experts discuss the ongoing developments in technology breakthrough.,REAL
R142,New Report on Budget Report,Tax blood south stuff. Mind culture half much imagine. Alone media himself name same born ever. Experts discuss the ongoing developments in budget report.,REAL
F141,Miracle Drug Confirmed by Sources,Strong American employee oil be. Republican structure standard difficult magazine discuss threat suffer. This just in — shocking claims about miracle drug surface on the internet.,FAKE
R076,New Report on Technology Breakthrough,Same letter sign. Knowledge own produce picture there down. Bill author area late price. Experts discuss the ongoing developments in technology breakthrough.,REAL
R180,New Report on Budget Report,Star ahead good line. Guess hit western development present simply my. May do adult either station rock. Size body and rock. Experts discuss the ongoing developments in budget report.,REAL
F126,Aliens Confirmed by Sources,Follow stage forward. Leg hospital hot as newspaper sure. This just in — shocking claims about aliens surface on the internet.,FAKE
R134,New Report on Economic Growth,Service write hand season. Sort report cover Mr appear. Experts discuss the ongoing developments in economic growth.,REAL
F132,Mind Control Confirmed by Sources,Size purpose describe level. President author eat beautiful scientist. This just in — shocking claims about mind control surface on the internet.,FAKE
F230,Immortal Jellyfish Confirmed by Sources,Recognize southern remember ground site. Enter international fine PM happy focus. Popular full stay today miss east true. This just in — shocking claims about immortal jellyfish surface on the internet.,FAKE
F243,Aliens Confirmed by Sources,Herself beyond need case. Ever step middle you lawyer. Policy loss threat serve. This just in — shocking claims about aliens surface on the internet.,FAKE
R191,New Report on Budget Report,Feel according into approach sport picture friend. Kind order kind bar experience. Start work use next mother firm. Experts discuss the ongoing developments in budget report.,REAL
R130,New Report on Public Health,Boy somebody especially process. Fund institution health between. Lawyer law serve detail point. Experts discuss the ongoing developments in public health.,REAL
F081,Mind Control Confirmed by Sources,Increase hear education area bed. Detail clearly hit way return board. Own late great foreign certain serious. This just in — shocking claims about mind control surface on the internet.,FAKE
R209,New Report on Technology Breakthrough,Member after law record style. Camera mean this military through. Experts discuss the ongoing developments in technology breakthrough.,REAL
F228,Hoax Confirmed by Sources,Brother place explain recently night. Teach new few during. This just in — shocking claims about hoax surface on the internet.,FAKE
R030,New Report on Budget Report,Model to question. Expect out consider sense wife focus. Experts discuss the ongoing developments in budget report.,REAL
R214,New Report on Education,Successful address start say them thing peace radio. Face main energy forward. Hour responsibility shake whether room. Experts discuss the ongoing developments in education.,REAL
R175,New Report on Economic Growth,Great her sometimes evening. Firm risk perhaps security government. Trouble ball partner safe both most window. Experts discuss the ongoing developments in economic growth.,REAL
